Date,Open,Close,High,Low
2021-11-19 08:00:00,1.5,2.0178,2.4,1.5
2021-11-19 12:00:00,2.02,2.1217,2.15,1.9368
2021-11-19 16:00:00,2.1296,2.0123,2.17,1.992
2021-11-19 20:00:00,2.0123,2.0464,2.1031,2.001
2021-11-20 00:00:00,2.046,1.9399,2.0677,1.93
2021-11-20 04:00:00,1.9372,1.9822,2.0465,1.928
2021-11-20 08:00:00,1.9822,1.982,2.02,1.9588
2021-11-20 12:00:00,1.982,1.9151,2.0703,1.8985
2021-11-20 16:00:00,1.9154,2.0611,2.0744,1.85
2021-11-20 20:00:00,2.0611,2.1215,2.274,2.0524
2021-11-21 00:00:00,2.1211,2.1283,2.22,2.0201
2021-11-21 04:00:00,2.1204,2.219,2.33,2.1204
2021-11-21 08:00:00,2.2199,2.272,2.32,2.1966
2021-11-21 12:00:00,2.272,2.3606,2.4501,2.253
2021-11-21 16:00:00,2.3555,2.2735,2.3809,2.1461
2021-11-21 20:00:00,2.2734,2.2599,2.4,2.225
2021-11-22 00:00:00,2.2491,2.12,2.2491,2.0982
2021-11-22 04:00:00,2.1195,2.15,2.2,2.0729
2021-11-22 08:00:00,2.15,2.1741,2.2356,2.1131
2021-11-22 12:00:00,2.165,2.1784,2.2272,2.0524
2021-11-22 16:00:00,2.178,2.1092,2.252,2.1
2021-11-22 20:00:00,2.1092,2.0709,2.132,2.0078
2021-11-23 00:00:00,2.0683,1.9993,2.08,1.95
2021-11-23 04:00:00,2.01,2.075,2.1174,1.999
2021-11-23 08:00:00,2.07,2.1,2.1102,2.0278
2021-11-23 12:00:00,2.1001,2.1824,2.1958,2.0965
2021-11-23 16:00:00,2.1831,2.2001,2.2469,2.0801
2021-11-23 20:00:00,2.2001,2.2287,2.28,2.1575
2021-11-24 00:00:00,2.223,2.3052,2.33,2.1966
2021-11-24 04:00:00,2.3055,2.2054,2.3199,2.2054
2021-11-24 08:00:00,2.2162,2.1703,2.2703,2.169
2021-11-24 12:00:00,2.1802,2.1354,2.1822,2.1057
2021-11-24 16:00:00,2.1354,2.5682,2.68,2.1224
2021-11-24 20:00:00,2.58,2.4715,2.7221,2.4528
2021-11-25 00:00:00,2.4715,2.4933,2.5999,2.4033
2021-11-25 04:00:00,2.4937,2.4913,2.6736,2.408
2021-11-25 08:00:00,2.4913,2.6575,2.6575,2.48
2021-11-25 12:00:00,2.6576,2.5801,2.75,2.5607
2021-11-25 16:00:00,2.5806,2.5619,2.6265,2.538
2021-11-25 20:00:00,2.5619,2.5704,2.6305,2.4556
2021-11-26 00:00:00,2.5704,2.5969,2.664,2.5241
2021-11-26 04:00:00,2.6013,2.4863,2.62,2.486
2021-11-26 08:00:00,2.4984,2.277,2.5037,2.2538
2021-11-26 12:00:00,2.277,2.3045,2.3633,2.2276
2021-11-26 16:00:00,2.3046,2.3136,2.3479,2.2916
2021-11-26 20:00:00,2.3136,2.25,2.3413,2.2499
2021-11-27 00:00:00,2.26,2.323,2.3233,2.2281
2021-11-27 04:00:00,2.323,2.2244,2.3565,2.202
2021-11-27 08:00:00,2.2244,2.3019,2.3761,2.1181
2021-11-27 12:00:00,2.3019,2.262,2.3639,2.2327
2021-11-27 16:00:00,2.262,2.298,2.3526,2.2343
2021-11-27 20:00:00,2.2863,2.162,2.298,2.0647
2021-11-28 00:00:00,2.162,2.15,2.195,2.1037
2021-11-28 04:00:00,2.15,2.2127,2.256,2.15
2021-11-28 08:00:00,2.2127,2.1457,2.2205,2.1299
2021-11-28 12:00:00,2.1395,2.137,2.1683,2.12
2021-11-28 16:00:00,2.137,2.1163,2.1458,2.0471
2021-11-28 20:00:00,2.1162,2.2203,2.2203,2.0998
2021-11-29 00:00:00,2.2203,2.2223,2.3385,2.2
2021-11-29 04:00:00,2.2222,2.203,2.2605,2.16
2021-11-29 08:00:00,2.2031,2.2001,2.2515,2.15
2021-11-29 12:00:00,2.2,2.172,2.2335,2.1181
2021-11-29 16:00:00,2.172,2.1835,2.2876,2.147
2021-11-29 20:00:00,2.1834,2.1785,2.2425,2.1662
2021-11-30 00:00:00,2.1849,2.1289,2.1976,2.1232
2021-11-30 04:00:00,2.1289,2.0716,2.129,2.0612
2021-11-30 08:00:00,2.0646,2.0288,2.1032,2.0199
2021-11-30 12:00:00,2.0379,2.0802,2.124,2.0379
2021-11-30 16:00:00,2.0801,1.9994,2.1032,1.9291
2021-11-30 20:00:00,1.9917,1.7795,2.0157,1.6098
2021-12-01 00:00:00,1.78,1.9001,1.9483,1.7597
2021-12-01 04:00:00,1.9001,1.9074,1.95,1.8572
2021-12-01 08:00:00,1.9063,1.8993,1.9265,1.8646
2021-12-01 12:00:00,1.8944,1.95,1.9538,1.869
2021-12-01 16:00:00,1.95,2.0001,2.0538,1.95
2021-12-01 20:00:00,2.0001,1.9594,2.0329,1.9099
2021-12-02 00:00:00,1.9595,1.9027,1.9703,1.8757
2021-12-02 04:00:00,1.9027,1.9117,1.915,1.8711
2021-12-02 08:00:00,1.9056,1.9122,1.9199,1.8775
2021-12-02 12:00:00,1.916,1.855,1.92,1.8426
2021-12-02 16:00:00,1.855,1.824,1.869,1.7931
2021-12-02 20:00:00,1.8348,1.8448,1.877,1.8253
2021-12-03 00:00:00,1.84,1.821,1.8846,1.8116
2021-12-03 04:00:00,1.8159,1.8317,1.8327,1.8
2021-12-03 08:00:00,1.8321,1.8152,1.8433,1.8116
2021-12-03 12:00:00,1.8194,1.781,1.8767,1.7808
2021-12-03 16:00:00,1.7807,1.6955,1.7811,1.635
2021-12-03 20:00:00,1.6968,1.6917,1.73,1.61
2021-12-04 00:00:00,1.6877,1.6084,1.6948,1.6004
2021-12-04 04:00:00,1.6142,1.4927,1.6192,1.3878
2021-12-04 08:00:00,1.4917,1.5565,1.5799,1.4834
2021-12-04 12:00:00,1.5564,1.628,1.6347,1.5547
2021-12-04 16:00:00,1.628,1.5923,1.6302,1.4346
2021-12-04 20:00:00,1.5934,1.5906,1.6028,1.5815
2021-12-05 00:00:00,1.5913,1.6083,1.6192,1.5895
2021-12-05 04:00:00,1.6068,1.6173,1.6218,1.5896
2021-12-05 08:00:00,1.6212,1.632,1.6496,1.6134
2021-12-05 12:00:00,1.632,1.5221,1.6439,1.51
2021-12-05 16:00:00,1.5221,1.5608,1.5806,1.5221
2021-12-05 20:00:00,1.555,1.5392,1.5623,1.5313
2021-12-06 00:00:00,1.5476,1.4988,1.5476,1.4552
2021-12-06 04:00:00,1.4988,1.44,1.53,1.4138
2021-12-06 08:00:00,1.4467,1.3984,1.488,1.385
2021-12-06 12:00:00,1.3984,1.4376,1.4376,1.3827
2021-12-06 16:00:00,1.4304,1.4467,1.472,1.4234
2021-12-06 20:00:00,1.4369,1.4732,1.5951,1.2837
2021-12-07 00:00:00,1.4794,1.4913,1.5416,1.4609
2021-12-07 04:00:00,1.4908,1.4924,1.5177,1.472
2021-12-07 08:00:00,1.4809,1.5314,1.55,1.4801
2021-12-07 12:00:00,1.5314,1.5131,1.5384,1.3892
2021-12-07 16:00:00,1.5134,1.4986,1.5387,1.4889
2021-12-07 20:00:00,1.5003,1.4566,1.5003,1.4208
2021-12-08 00:00:00,1.4501,1.4185,1.4547,1.4048
2021-12-08 04:00:00,1.4185,1.3848,1.4185,1.367
2021-12-08 08:00:00,1.3787,1.3672,1.402,1.3564
2021-12-08 12:00:00,1.3672,1.416,1.4449,1.3557
2021-12-08 16:00:00,1.416,1.4623,1.473,1.3665
2021-12-08 20:00:00,1.46,1.485,1.4976,1.46
2021-12-09 00:00:00,1.485,1.4978,1.5285,1.485
2021-12-09 04:00:00,1.5045,1.4976,1.5273,1.4903
2021-12-09 08:00:00,1.4976,1.4623,1.5025,1.4488
2021-12-09 12:00:00,1.4551,1.4288,1.482,1.41
2021-12-09 16:00:00,1.4322,1.6277,1.7967,1.4132
2021-12-09 20:00:00,1.6352,1.6274,1.6753,1.5875
2021-12-10 00:00:00,1.6194,1.6586,1.6959,1.6113
2021-12-10 04:00:00,1.6586,1.6639,1.7448,1.6546
2021-12-10 08:00:00,1.6564,1.6499,1.7082,1.6006
2021-12-10 12:00:00,1.645,1.6044,1.6542,1.5874
2021-12-10 16:00:00,1.607,1.6833,1.6951,1.6005
2021-12-10 20:00:00,1.6833,1.719,1.7538,1.664
2021-12-11 00:00:00,1.7248,1.7377,1.7779,1.6964
2021-12-11 04:00:00,1.7375,1.6781,1.7532,1.6685
2021-12-11 08:00:00,1.6771,1.6202,1.6819,1.6167
2021-12-11 12:00:00,1.6201,1.5622,1.6219,1.5443
2021-12-11 16:00:00,1.5622,1.5605,1.5739,1.5356
2021-12-11 20:00:00,1.56,1.5469,1.565,1.53
2021-12-12 00:00:00,1.5475,1.5425,1.5583,1.53
2021-12-12 04:00:00,1.543,1.5321,1.5466,1.5261
2021-12-12 08:00:00,1.5293,1.5288,1.548,1.5209
2021-12-12 12:00:00,1.536,1.5261,1.5475,1.5201
2021-12-12 16:00:00,1.5337,1.5548,1.5722,1.5287
2021-12-12 20:00:00,1.5548,1.5685,1.5739,1.5418
2021-12-13 00:00:00,1.5655,1.5263,1.5704,1.5229
2021-12-13 04:00:00,1.5263,1.515,1.5284,1.515
2021-12-13 08:00:00,1.5159,1.4892,1.548,1.4703
2021-12-13 12:00:00,1.49,1.4115,1.49,1.4014
2021-12-13 16:00:00,1.4105,1.3954,1.4244,1.3669
2021-12-13 20:00:00,1.3904,1.3554,1.401,1.3501
2021-12-14 00:00:00,1.355,1.3541,1.3612,1.3501
2021-12-14 04:00:00,1.3555,1.3779,1.3803,1.3527
2021-12-14 08:00:00,1.3779,1.3895,1.4064,1.3619
2021-12-14 12:00:00,1.3832,1.3571,1.3992,1.3412
2021-12-14 16:00:00,1.3511,1.325,1.354,1.3222
2021-12-14 20:00:00,1.3243,1.3493,1.3553,1.3223
2021-12-15 00:00:00,1.3478,1.3386,1.3594,1.3342
2021-12-15 04:00:00,1.3386,1.3371,1.3432,1.3223
2021-12-15 08:00:00,1.3374,1.3457,1.3485,1.3298
2021-12-15 12:00:00,1.3471,1.284,1.3553,1.2811
2021-12-15 16:00:00,1.2815,1.4162,1.4976,1.2636
2021-12-15 20:00:00,1.4162,1.4023,1.4305,1.3006
2021-12-16 00:00:00,1.4066,1.4186,1.4364,1.397
2021-12-16 04:00:00,1.4209,1.402,1.4228,1.3946
2021-12-16 08:00:00,1.3971,1.4093,1.415,1.3898
2021-12-16 12:00:00,1.4132,1.359,1.4402,1.3444
2021-12-16 16:00:00,1.3573,1.3201,1.3663,1.313
2021-12-16 20:00:00,1.3201,1.3008,1.4495,1.29
2021-12-17 00:00:00,1.3008,1.3163,1.3331,1.2989
2021-12-17 04:00:00,1.3121,1.2875,1.3202,1.2801
2021-12-17 08:00:00,1.2874,1.2817,1.2941,1.2792
2021-12-17 12:00:00,1.2874,1.2488,1.2875,1.23
2021-12-17 16:00:00,1.2488,1.2319,1.253,1.2272
2021-12-17 20:00:00,1.2294,1.2361,1.2467,1.2237
2021-12-18 00:00:00,1.23,1.2071,1.2382,1.207
2021-12-18 04:00:00,1.2138,1.2191,1.2191,1.207
2021-12-18 08:00:00,1.2179,1.2338,1.237,1.2164
2021-12-18 12:00:00,1.23,1.2475,1.2475,1.2153
2021-12-18 16:00:00,1.2469,1.2391,1.2552,1.2207
2021-12-18 20:00:00,1.2342,1.2351,1.2446,1.2303
2021-12-19 00:00:00,1.2351,1.2206,1.2351,1.21
2021-12-19 04:00:00,1.2206,1.2222,1.224,1.2153
2021-12-19 08:00:00,1.221,1.2165,1.2248,1.2134
2021-12-19 12:00:00,1.2165,1.2283,1.2448,1.2031
2021-12-19 16:00:00,1.2319,1.2262,1.2371,1.2237
2021-12-19 20:00:00,1.2249,1.2369,1.2446,1.2249
2021-12-20 00:00:00,1.2343,1.2101,1.2361,1.2029
2021-12-20 04:00:00,1.2091,1.1828,1.2171,1.1773
2021-12-20 08:00:00,1.1793,1.1773,1.1928,1.1773
2021-12-20 12:00:00,1.1784,1.1463,1.1806,1.1112
2021-12-20 16:00:00,1.1441,1.1856,1.2021,1.1124
2021-12-20 20:00:00,1.1897,1.1955,1.2057,1.1802
2021-12-21 00:00:00,1.1955,1.1668,1.1955,1.1484
2021-12-21 04:00:00,1.1668,1.17,1.1771,1.1631
2021-12-21 08:00:00,1.1699,1.1622,1.1771,1.1568
2021-12-21 12:00:00,1.161,1.2594,1.2683,1.08
2021-12-21 16:00:00,1.2615,1.141,1.263,1.1018
2021-12-21 20:00:00,1.1426,1.14,1.1577,1.1051
2021-12-22 00:00:00,1.14,1.0606,1.1507,1.0506
2021-12-22 04:00:00,1.0517,0.9918,1.0538,0.9798
2021-12-22 08:00:00,0.9959,0.9604,1.0135,0.9583
2021-12-22 12:00:00,0.9647,0.9991,0.9991,0.9599
2021-12-22 16:00:00,0.9991,1.0137,1.048,0.9818
2021-12-22 20:00:00,1.0138,1.0028,1.0267,0.9827
2021-12-23 00:00:00,1.0027,0.9695,1.0118,0.96
2021-12-23 04:00:00,0.9712,0.9432,0.9719,0.9374
2021-12-23 08:00:00,0.9439,0.9289,0.949,0.9215
2021-12-23 12:00:00,0.9289,0.9177,0.9411,0.88
2021-12-23 16:00:00,0.9177,1.0981,1.18,0.9074
2021-12-23 20:00:00,1.0981,1.2032,1.2685,1.0727
2021-12-24 00:00:00,1.2006,1.141,1.2041,1.1386
2021-12-24 04:00:00,1.1432,1.1732,1.1771,1.1261
2021-12-24 08:00:00,1.1763,1.1729,1.182,1.1522
2021-12-24 12:00:00,1.177,1.2213,1.2684,1.177
2021-12-24 16:00:00,1.2212,1.1969,1.2212,1.1709
2021-12-24 20:00:00,1.1969,1.1633,1.1988,1.1485
2021-12-25 00:00:00,1.163,1.1521,1.1784,1.1509
2021-12-25 04:00:00,1.1518,1.1716,1.18,1.1484
2021-12-25 08:00:00,1.1717,1.17,1.1795,1.1389
2021-12-25 12:00:00,1.17,1.147,1.1714,1.1432
2021-12-25 16:00:00,1.1447,1.1501,1.1627,1.1389
2021-12-25 20:00:00,1.1502,1.1316,1.1503,1.1261
2021-12-26 00:00:00,1.1305,1.1185,1.1446,1.1185
2021-12-26 04:00:00,1.1207,1.1033,1.1386,1.1019
2021-12-26 08:00:00,1.1051,1.093,1.1073,1.0926
2021-12-26 12:00:00,1.0966,1.075,1.0966,1.0649
2021-12-26 16:00:00,1.0753,1.0832,1.0883,1.0738
2021-12-26 20:00:00,1.0836,1.1037,1.1312,1.0811
2021-12-27 00:00:00,1.1038,1.0917,1.1038,1.0864
2021-12-27 04:00:00,1.0929,1.0582,1.0929,1.0582
2021-12-27 08:00:00,1.0602,1.04,1.0612,1.0342
2021-12-27 12:00:00,1.0425,1.055,1.055,1.0396
2021-12-27 16:00:00,1.0556,1.024,1.0589,1.0231
2021-12-27 20:00:00,1.0251,1.0243,1.0411,1.0224
2021-12-28 00:00:00,1.0237,1.0597,1.0886,0.9973
2021-12-28 04:00:00,1.0597,0.9987,1.0647,0.9813
2021-12-28 08:00:00,0.9988,1.0183,1.0307,0.9915
2021-12-28 12:00:00,1.0187,1.0307,1.0358,1.0126
2021-12-28 16:00:00,1.0307,1.0022,1.0307,1.0
2021-12-28 20:00:00,1.0025,1.0187,1.0674,1.0
2021-12-29 00:00:00,1.0179,1.0387,1.0538,1.0136
2021-12-29 04:00:00,1.0417,1.0558,1.1968,1.0
2021-12-29 08:00:00,1.054,1.052,1.0655,1.0221
2021-12-29 12:00:00,1.0538,1.016,1.058,1.0
2021-12-29 16:00:00,1.0168,1.0,1.0204,1.0
2021-12-29 20:00:00,1.0,0.9915,1.0186,0.9915
2021-12-30 00:00:00,0.9915,0.9966,1.0128,0.9809
2021-12-30 04:00:00,0.9997,0.9781,0.9997,0.9728
2021-12-30 08:00:00,0.9778,0.9627,0.9951,0.957
2021-12-30 12:00:00,0.9629,0.9711,0.9813,0.9629
2021-12-30 16:00:00,0.9711,0.9742,0.9793,0.9648
2021-12-30 20:00:00,0.9742,0.9521,0.9745,0.9521
2021-12-31 00:00:00,0.9522,0.9582,0.96,0.9518
2021-12-31 04:00:00,0.9579,0.9647,0.9649,0.9504
2021-12-31 08:00:00,0.9634,1.01,1.0101,0.9599
2021-12-31 12:00:00,1.0098,0.9755,1.0138,0.9729
2021-12-31 16:00:00,0.9729,0.9547,0.9793,0.95
2021-12-31 20:00:00,0.9503,0.95,0.955,0.95
2022-01-01 00:00:00,0.9535,0.9696,0.9779,0.95
2022-01-01 04:00:00,0.9708,0.9736,0.9793,0.9663
2022-01-01 08:00:00,0.9758,0.9793,0.9793,0.9711
2022-01-01 12:00:00,0.9767,0.9633,0.9793,0.9599
2022-01-01 16:00:00,0.9631,0.9787,0.9807,0.9599
2022-01-01 20:00:00,0.9791,0.9868,0.9972,0.9766
2022-01-02 00:00:00,0.987,0.9844,0.9891,0.981
2022-01-02 04:00:00,0.9843,0.9815,0.9887,0.9746
2022-01-02 08:00:00,0.9815,0.9647,0.9817,0.9603
2022-01-02 12:00:00,0.9626,0.963,0.9744,0.9602
2022-01-02 16:00:00,0.9605,0.9669,0.9737,0.9601
2022-01-02 20:00:00,0.9669,0.9816,0.9878,0.9647
2022-01-03 00:00:00,0.9815,0.9711,0.9827,0.9711
2022-01-03 04:00:00,0.9726,0.97,0.9757,0.9663
2022-01-03 08:00:00,0.9704,0.9783,0.9807,0.9569
2022-01-03 12:00:00,0.9762,0.9735,0.9793,0.9711
2022-01-03 16:00:00,0.9734,0.9699,0.979,0.966
2022-01-03 20:00:00,0.9695,0.9604,0.9845,0.9526
2022-01-04 00:00:00,0.9583,0.9594,0.9631,0.9568
2022-01-04 04:00:00,0.959,0.9521,0.9663,0.95
2022-01-04 08:00:00,0.9521,0.9487,0.9622,0.9487
2022-01-04 12:00:00,0.9504,0.9391,0.9518,0.9381
2022-01-04 16:00:00,0.9387,0.9402,0.9514,0.9256
2022-01-04 20:00:00,0.9403,0.9247,0.9552,0.9247
2022-01-05 00:00:00,0.9252,0.9108,0.9293,0.9104
2022-01-05 04:00:00,0.9111,0.9122,0.9324,0.903
2022-01-05 08:00:00,0.9113,0.8896,0.9132,0.8789
2022-01-05 12:00:00,0.8895,0.8764,0.8983,0.8701
2022-01-05 16:00:00,0.8738,0.8529,0.88,0.851
2022-01-05 20:00:00,0.8527,0.8024,0.866,0.797
2022-01-06 00:00:00,0.7982,0.7787,0.8219,0.7787
2022-01-06 04:00:00,0.7779,0.7771,0.7944,0.7659
2022-01-06 08:00:00,0.7786,0.7572,0.7887,0.753
2022-01-06 12:00:00,0.7565,0.774,0.7771,0.7535
2022-01-06 16:00:00,0.7754,0.7887,0.797,0.7729
2022-01-06 20:00:00,0.7898,0.7981,0.8011,0.7804
2022-01-07 00:00:00,0.8008,0.765,0.8008,0.765
2022-01-07 04:00:00,0.765,0.737,0.7803,0.7289
2022-01-07 08:00:00,0.7369,0.742,0.75,0.7246
2022-01-07 12:00:00,0.7433,0.7162,0.7455,0.7162
2022-01-07 16:00:00,0.7163,0.7245,0.733,0.7139
2022-01-07 20:00:00,0.724,0.7198,0.7286,0.7123
2022-01-08 00:00:00,0.7194,0.7293,0.7324,0.7162
2022-01-08 04:00:00,0.7298,0.7267,0.736,0.7266
2022-01-08 08:00:00,0.7267,0.725,0.7303,0.7192
2022-01-08 12:00:00,0.725,0.7061,0.7287,0.6999
2022-01-08 16:00:00,0.7061,0.671,0.7144,0.671
2022-01-08 20:00:00,0.6716,0.688,0.6935,0.6711
2022-01-09 00:00:00,0.6852,0.7159,0.719,0.6783
2022-01-09 04:00:00,0.7159,0.7108,0.719,0.7003
2022-01-09 08:00:00,0.7117,0.7074,0.716,0.6846
2022-01-09 12:00:00,0.7055,0.6918,0.7092,0.68
2022-01-09 16:00:00,0.6906,0.7198,0.7499,0.6868
2022-01-09 20:00:00,0.7198,0.7141,0.7287,0.704
2022-01-10 00:00:00,0.7144,0.7414,0.7455,0.7107
2022-01-10 04:00:00,0.7423,0.7485,0.7969,0.7309
2022-01-10 08:00:00,0.7497,0.7317,0.7545,0.7273
2022-01-10 12:00:00,0.7307,0.6955,0.7316,0.6832
2022-01-10 16:00:00,0.6976,0.6904,0.7102,0.6868
2022-01-10 20:00:00,0.6938,0.7094,0.7094,0.6938
2022-01-11 00:00:00,0.7094,0.7204,0.7204,0.7092
2022-01-11 04:00:00,0.7176,0.7155,0.7215,0.7106
2022-01-11 08:00:00,0.715,0.7259,0.738,0.715
2022-01-11 12:00:00,0.7233,0.7286,0.7397,0.7226
2022-01-11 16:00:00,0.7286,0.7434,0.7475,0.7144
2022-01-11 20:00:00,0.7395,0.749,0.749,0.7367
2022-01-12 00:00:00,0.749,0.7481,0.7513,0.7458
2022-01-12 04:00:00,0.7515,0.7514,0.7527,0.7445
2022-01-12 08:00:00,0.7484,0.7569,0.7571,0.7445
2022-01-12 12:00:00,0.7569,0.7696,0.797,0.7431
2022-01-12 16:00:00,0.7696,0.7827,0.7944,0.7696
2022-01-12 20:00:00,0.7826,0.8012,0.8042,0.7824
2022-01-13 00:00:00,0.8011,0.8297,0.8716,0.8004
2022-01-13 04:00:00,0.8303,0.8625,0.8625,0.8303
2022-01-13 08:00:00,0.863,1.0039,1.05,0.863
2022-01-13 12:00:00,1.0039,0.9071,1.0102,0.9049
2022-01-13 16:00:00,0.9083,0.8793,0.9139,0.8744
2022-01-13 20:00:00,0.8792,0.8867,0.8949,0.8749
2022-01-14 00:00:00,0.885,0.8893,0.907,0.8807
2022-01-14 04:00:00,0.8895,0.8935,0.9175,0.8895
2022-01-14 08:00:00,0.893,0.8836,0.8977,0.8806
2022-01-14 12:00:00,0.8833,0.8785,0.903,0.8785
2022-01-14 16:00:00,0.8791,0.8744,0.8815,0.8723
2022-01-14 20:00:00,0.8744,0.8787,0.8887,0.867
2022-01-15 00:00:00,0.8781,0.8693,0.8798,0.8687
2022-01-15 04:00:00,0.8741,0.8745,0.8779,0.869
2022-01-15 08:00:00,0.8744,0.8727,0.8802,0.8693
2022-01-15 12:00:00,0.8728,0.793,0.8744,0.7891
2022-01-15 16:00:00,0.793,0.7666,0.8027,0.7659
2022-01-15 20:00:00,0.7666,0.7881,0.7891,0.7666
2022-01-16 00:00:00,0.7866,0.7647,0.7888,0.761
2022-01-16 04:00:00,0.7629,0.7762,0.7794,0.7629
2022-01-16 08:00:00,0.7756,0.771,0.7795,0.7695
2022-01-16 12:00:00,0.7711,0.7771,0.7812,0.7234
2022-01-16 16:00:00,0.7792,0.7368,0.7867,0.7366
2022-01-16 20:00:00,0.7365,0.7386,0.7515,0.7305
2022-01-17 00:00:00,0.7381,0.7226,0.743,0.7217
2022-01-17 04:00:00,0.7225,0.7001,0.7226,0.7001
2022-01-17 08:00:00,0.7001,0.6979,0.7144,0.69
2022-01-17 12:00:00,0.6977,0.7001,0.7071,0.6938
2022-01-17 16:00:00,0.7,0.6963,0.7071,0.6938
2022-01-17 20:00:00,0.6963,0.7092,0.7095,0.6937
2022-01-18 00:00:00,0.7098,0.7217,0.7319,0.7022
2022-01-18 04:00:00,0.7217,0.7322,0.7515,0.7217
2022-01-18 08:00:00,0.7322,0.8846,0.8851,0.726
2022-01-18 12:00:00,0.8846,0.7725,1.02,0.7515
2022-01-18 16:00:00,0.7722,0.7441,0.8047,0.7073
2022-01-18 20:00:00,0.7479,0.751,0.7632,0.7434
2022-01-19 00:00:00,0.7509,0.7299,0.7736,0.7299
2022-01-19 04:00:00,0.7299,0.712,0.7312,0.712
2022-01-19 08:00:00,0.712,0.7283,0.7357,0.7016
2022-01-19 12:00:00,0.7282,0.7528,0.7583,0.7252
2022-01-19 16:00:00,0.7525,0.7665,0.7755,0.7341
2022-01-19 20:00:00,0.7665,0.7459,0.7725,0.7448
2022-01-20 00:00:00,0.7466,0.7424,0.7484,0.732
2022-01-20 04:00:00,0.7424,0.7431,0.7515,0.7144
2022-01-20 08:00:00,0.7431,0.7255,0.7464,0.725
2022-01-20 12:00:00,0.7255,0.7386,0.741,0.725
2022-01-20 16:00:00,0.7386,0.7213,0.7508,0.6671
2022-01-20 20:00:00,0.7207,0.7003,0.7269,0.7003
2022-01-21 00:00:00,0.7003,0.6775,0.7051,0.6761
2022-01-21 04:00:00,0.6776,0.6782,0.6935,0.671
2022-01-21 08:00:00,0.6782,0.6687,0.6847,0.6602
2022-01-21 12:00:00,0.6687,0.6634,0.6771,0.66
2022-01-21 16:00:00,0.6634,0.6668,0.6706,0.66
2022-01-21 20:00:00,0.6667,0.6387,0.6761,0.6153
2022-01-22 00:00:00,0.6388,0.6273,0.6389,0.6273
2022-01-22 04:00:00,0.627,0.5604,0.6276,0.5604
2022-01-22 08:00:00,0.562,0.5648,0.5736,0.5483
2022-01-22 12:00:00,0.5632,0.5616,0.5782,0.56
2022-01-22 16:00:00,0.5616,0.535,0.5616,0.535
2022-01-22 20:00:00,0.5345,0.5439,0.5439,0.53
2022-01-23 00:00:00,0.5424,0.5527,0.5549,0.542
2022-01-23 04:00:00,0.5527,0.5681,0.5682,0.5527
2022-01-23 08:00:00,0.568,0.574,0.6202,0.5571
2022-01-23 12:00:00,0.5739,0.5593,0.5782,0.557
2022-01-23 16:00:00,0.5593,0.5211,0.5594,0.5192
2022-01-23 20:00:00,0.5198,0.4788,0.5252,0.4747
2022-01-24 00:00:00,0.4789,0.4771,0.4943,0.4731
2022-01-24 04:00:00,0.479,0.4224,0.4812,0.4135
2022-01-24 08:00:00,0.4214,0.3976,0.4225,0.3818
2022-01-24 12:00:00,0.3976,0.3954,0.404,0.3778
2022-01-24 16:00:00,0.3952,0.4122,0.4154,0.392
2022-01-24 20:00:00,0.4109,0.4195,0.429,0.41
2022-01-25 00:00:00,0.4191,0.4148,0.4198,0.4112
2022-01-25 04:00:00,0.4151,0.41,0.4151,0.41
2022-01-25 08:00:00,0.41,0.4141,0.4159,0.3932
2022-01-25 12:00:00,0.4139,0.4226,0.4235,0.4124
2022-01-25 16:00:00,0.4226,0.4237,0.4298,0.3975
2022-01-25 20:00:00,0.4202,0.4218,0.4249,0.4168
2022-01-26 00:00:00,0.4217,0.4214,0.4249,0.4173
2022-01-26 04:00:00,0.4214,0.4237,0.425,0.4198
2022-01-26 08:00:00,0.4238,0.425,0.425,0.422
2022-01-26 12:00:00,0.4249,0.4234,0.425,0.4196
2022-01-26 16:00:00,0.4245,0.4248,0.4255,0.4133
2022-01-26 20:00:00,0.422,0.4035,0.4236,0.4011
2022-01-27 00:00:00,0.4035,0.391,0.4035,0.3896
2022-01-27 04:00:00,0.3915,0.3903,0.3942,0.3893
2022-01-27 08:00:00,0.3928,0.3915,0.3954,0.389
2022-01-27 12:00:00,0.3908,0.3891,0.3947,0.3841
2022-01-27 16:00:00,0.3892,0.3842,0.3928,0.3838
2022-01-27 20:00:00,0.3843,0.4031,0.4046,0.3816
2022-01-28 00:00:00,0.4031,0.4024,0.4085,0.4
2022-01-28 04:00:00,0.4023,0.3978,0.4061,0.3974
2022-01-28 08:00:00,0.3974,0.3873,0.3979,0.3851
2022-01-28 12:00:00,0.3874,0.3962,0.3971,0.3873
2022-01-28 16:00:00,0.3964,0.4068,0.4092,0.3855
2022-01-28 20:00:00,0.4068,0.4001,0.4089,0.39
2022-01-29 00:00:00,0.3996,0.4035,0.404,0.3982
2022-01-29 04:00:00,0.4035,0.4116,0.4133,0.4011
2022-01-29 08:00:00,0.41,0.4182,0.4301,0.4077
2022-01-29 12:00:00,0.4177,0.4175,0.4267,0.4134
2022-01-29 16:00:00,0.4166,0.421,0.4227,0.4133
2022-01-29 20:00:00,0.4212,0.4184,0.4231,0.414
2022-01-30 00:00:00,0.4185,0.4193,0.4207,0.4174
2022-01-30 04:00:00,0.4193,0.4134,0.4208,0.3913
2022-01-30 08:00:00,0.4134,0.4148,0.4172,0.4102
2022-01-30 12:00:00,0.4173,0.4147,0.4174,0.4126
2022-01-30 16:00:00,0.4147,0.4105,0.416,0.41
2022-01-30 20:00:00,0.4102,0.4085,0.4151,0.4073
2022-01-31 00:00:00,0.4097,0.4025,0.4112,0.4011
2022-01-31 04:00:00,0.4025,0.399,0.4091,0.3971
2022-01-31 08:00:00,0.399,0.3995,0.4102,0.3971
2022-01-31 12:00:00,0.398,0.3981,0.402,0.3955
2022-01-31 16:00:00,0.3968,0.4185,0.4252,0.3968
2022-01-31 20:00:00,0.4181,0.4023,0.42,0.3972
2022-02-01 00:00:00,0.4024,0.4072,0.4092,0.3981
2022-02-01 04:00:00,0.4062,0.4159,0.416,0.4033
2022-02-01 08:00:00,0.414,0.403,0.4174,0.398
2022-02-01 12:00:00,0.4031,0.4075,0.41,0.3972
2022-02-01 16:00:00,0.4075,0.413,0.4216,0.407
2022-02-01 20:00:00,0.413,0.4135,0.4181,0.4123
2022-02-02 00:00:00,0.4135,0.4108,0.4154,0.4093
2022-02-02 04:00:00,0.4108,0.411,0.4128,0.4084
2022-02-02 08:00:00,0.4109,0.4122,0.4196,0.4076
2022-02-02 12:00:00,0.4122,0.4114,0.4216,0.41
2022-02-02 16:00:00,0.4115,0.4128,0.421,0.4085
2022-02-02 20:00:00,0.4136,0.4126,0.4173,0.4073
2022-02-03 00:00:00,0.414,0.4051,0.414,0.4051
2022-02-03 04:00:00,0.4069,0.4085,0.4091,0.405
2022-02-03 08:00:00,0.409,0.4075,0.41,0.4007
2022-02-03 12:00:00,0.4072,0.4036,0.408,0.3987
2022-02-03 16:00:00,0.4041,0.4063,0.41,0.404
2022-02-03 20:00:00,0.4053,0.4121,0.414,0.4033
2022-02-04 00:00:00,0.412,0.4109,0.416,0.4098
2022-02-04 04:00:00,0.4108,0.4073,0.4133,0.4051
2022-02-04 08:00:00,0.4093,0.4129,0.4154,0.4083
2022-02-04 12:00:00,0.4129,0.4143,0.4158,0.4059
2022-02-04 16:00:00,0.413,0.4189,0.43,0.4123
2022-02-04 20:00:00,0.4189,0.438,0.4387,0.4183
2022-02-05 00:00:00,0.438,0.4432,0.4458,0.4344
2022-02-05 04:00:00,0.4431,0.477,0.5043,0.4427
2022-02-05 08:00:00,0.48,0.4904,0.5061,0.48
2022-02-05 12:00:00,0.4937,0.4928,0.501,0.4903
2022-02-05 16:00:00,0.4912,0.496,0.5185,0.477
2022-02-05 20:00:00,0.496,0.5168,0.5299,0.4882
2022-02-06 00:00:00,0.5169,0.5027,0.5197,0.501
2022-02-06 04:00:00,0.5029,0.5082,0.5082,0.493
2022-02-06 08:00:00,0.5048,0.5044,0.513,0.4978
2022-02-06 12:00:00,0.5044,0.481,0.5079,0.4786
2022-02-06 16:00:00,0.4803,0.4822,0.4866,0.475
2022-02-06 20:00:00,0.4821,0.4851,0.4944,0.4782
2022-02-07 00:00:00,0.484,0.494,0.4962,0.481
2022-02-07 04:00:00,0.4923,0.4989,0.5052,0.4909
2022-02-07 08:00:00,0.4981,0.4998,0.5043,0.4962
2022-02-07 12:00:00,0.4996,0.4994,0.5096,0.4984
2022-02-07 16:00:00,0.4995,0.5158,0.5165,0.4946
2022-02-07 20:00:00,0.5158,0.5044,0.5195,0.4995
2022-02-08 00:00:00,0.5059,0.5144,0.5144,0.4965
2022-02-08 04:00:00,0.5119,0.5162,0.5246,0.5043
2022-02-08 08:00:00,0.5117,0.5001,0.5245,0.4994
2022-02-08 12:00:00,0.5,0.4817,0.5003,0.4799
2022-02-08 16:00:00,0.4798,0.4736,0.4817,0.4706
2022-02-08 20:00:00,0.4706,0.4679,0.4736,0.4565
2022-02-09 00:00:00,0.468,0.4807,0.4866,0.4565
2022-02-09 04:00:00,0.48,0.482,0.4866,0.48
2022-02-09 08:00:00,0.4821,0.4756,0.4848,0.4754
2022-02-09 12:00:00,0.4758,0.4749,0.4778,0.4657
2022-02-09 16:00:00,0.4752,0.4762,0.4778,0.4691
2022-02-09 20:00:00,0.4762,0.4637,0.4847,0.4585
2022-02-10 00:00:00,0.4616,0.4627,0.4661,0.46
2022-02-10 04:00:00,0.4633,0.4604,0.4702,0.4586
2022-02-10 08:00:00,0.4604,0.4706,0.4736,0.4586
2022-02-10 12:00:00,0.4704,0.4544,0.4765,0.4449
2022-02-10 16:00:00,0.4557,0.4681,0.4799,0.4496
2022-02-10 20:00:00,0.4682,0.4598,0.4706,0.4583
2022-02-11 00:00:00,0.4597,0.4477,0.4601,0.4436
2022-02-11 04:00:00,0.4475,0.4367,0.4511,0.4344
2022-02-11 08:00:00,0.4382,0.42,0.4474,0.4182
2022-02-11 12:00:00,0.4222,0.4266,0.4334,0.4182
2022-02-11 16:00:00,0.4268,0.4165,0.4341,0.4093
2022-02-11 20:00:00,0.4162,0.4015,0.4172,0.4
2022-02-12 00:00:00,0.4014,0.4068,0.4092,0.4
2022-02-12 04:00:00,0.4069,0.3981,0.4097,0.3955
2022-02-12 08:00:00,0.3997,0.4022,0.4046,0.3933
2022-02-12 12:00:00,0.4023,0.4038,0.4085,0.4
2022-02-12 16:00:00,0.4038,0.4034,0.4216,0.3935
2022-02-12 20:00:00,0.4034,0.4016,0.4051,0.398
2022-02-13 00:00:00,0.4014,0.4051,0.4065,0.399
2022-02-13 04:00:00,0.4054,0.4113,0.4133,0.4046
2022-02-13 08:00:00,0.4113,0.4002,0.4124,0.3942
2022-02-13 12:00:00,0.4001,0.3978,0.4033,0.3904
2022-02-13 16:00:00,0.398,0.3889,0.3981,0.3854
2022-02-13 20:00:00,0.388,0.3824,0.3888,0.379
2022-02-14 00:00:00,0.383,0.3799,0.3877,0.3799
2022-02-14 04:00:00,0.382,0.3799,0.3838,0.3775
2022-02-14 08:00:00,0.3792,0.3706,0.3825,0.3621
2022-02-14 12:00:00,0.3719,0.3763,0.3777,0.3679
2022-02-14 16:00:00,0.3763,0.3765,0.3787,0.3763
2022-02-14 20:00:00,0.3765,0.3803,0.3838,0.3763
2022-02-15 00:00:00,0.3803,0.3879,0.3893,0.3803
2022-02-15 04:00:00,0.389,0.3991,0.3994,0.3883
2022-02-15 08:00:00,0.3991,0.3994,0.4091,0.3955
2022-02-15 12:00:00,0.4019,0.395,0.4091,0.395
2022-02-15 16:00:00,0.398,0.4035,0.4095,0.3893
2022-02-15 20:00:00,0.4023,0.405,0.405,0.3942
2022-02-16 00:00:00,0.4048,0.3916,0.4048,0.3851
2022-02-16 04:00:00,0.3916,0.3896,0.3916,0.3877
2022-02-16 08:00:00,0.3896,0.392,0.3929,0.3877
2022-02-16 12:00:00,0.392,0.3838,0.3925,0.3838
2022-02-16 16:00:00,0.3837,0.3718,0.3851,0.3704
2022-02-16 20:00:00,0.374,0.3736,0.3799,0.3715
2022-02-17 00:00:00,0.3736,0.3715,0.3805,0.371
2022-02-17 04:00:00,0.3718,0.3666,0.3718,0.3643
2022-02-17 08:00:00,0.3651,0.3525,0.3679,0.3489
2022-02-17 12:00:00,0.3525,0.344,0.3595,0.34
2022-02-17 16:00:00,0.3424,0.3296,0.3424,0.3278
2022-02-17 20:00:00,0.3302,0.33,0.3311,0.3256
2022-02-18 00:00:00,0.3284,0.3292,0.3311,0.3267
2022-02-18 04:00:00,0.3273,0.3278,0.3315,0.3267
2022-02-18 08:00:00,0.3291,0.33,0.3351,0.3278
2022-02-18 12:00:00,0.3316,0.3233,0.3333,0.3223
2022-02-18 16:00:00,0.3226,0.3211,0.3243,0.3189
2022-02-18 20:00:00,0.3215,0.3168,0.3215,0.3157
2022-02-19 00:00:00,0.3168,0.3181,0.3212,0.314
2022-02-19 04:00:00,0.3182,0.3226,0.3252,0.3126
2022-02-19 08:00:00,0.3243,0.3203,0.3253,0.319
2022-02-19 12:00:00,0.3206,0.3174,0.3207,0.3157
2022-02-19 16:00:00,0.3164,0.3101,0.3184,0.3095
2022-02-19 20:00:00,0.3098,0.3116,0.314,0.307
2022-02-20 00:00:00,0.3117,0.3064,0.3124,0.305
2022-02-20 04:00:00,0.3064,0.296,0.3079,0.2945
2022-02-20 08:00:00,0.297,0.2956,0.3029,0.294
2022-02-20 12:00:00,0.2955,0.2937,0.299,0.2916
2022-02-20 16:00:00,0.2937,0.2719,0.2944,0.2693
2022-02-20 20:00:00,0.2721,0.2765,0.279,0.27
2022-02-21 00:00:00,0.2774,0.2862,0.292,0.2763
2022-02-21 04:00:00,0.2862,0.29,0.29,0.2862
2022-02-21 08:00:00,0.2895,0.2754,0.29,0.2754
2022-02-21 12:00:00,0.2753,0.291,0.291,0.272
2022-02-21 16:00:00,0.2891,0.2754,0.291,0.2747
2022-02-21 20:00:00,0.2766,0.271,0.2857,0.27
2022-02-22 00:00:00,0.271,0.2673,0.2726,0.267
2022-02-22 04:00:00,0.2673,0.2672,0.2719,0.267
2022-02-22 08:00:00,0.267,0.2725,0.2736,0.264
2022-02-22 12:00:00,0.2715,0.2701,0.2736,0.2691
2022-02-22 16:00:00,0.2695,0.2608,0.2727,0.2583
2022-02-22 20:00:00,0.2592,0.2583,0.2621,0.2567
2022-02-23 00:00:00,0.2587,0.2584,0.2601,0.2575
2022-02-23 04:00:00,0.2581,0.262,0.2637,0.2572
2022-02-23 08:00:00,0.2613,0.2658,0.266,0.2567
2022-02-23 12:00:00,0.2649,0.2758,0.2778,0.2643
2022-02-23 16:00:00,0.2763,0.2736,0.2781,0.27
2022-02-23 20:00:00,0.2718,0.2693,0.2718,0.2619
2022-02-24 00:00:00,0.2692,0.2469,0.2703,0.2453
2022-02-24 04:00:00,0.2472,0.236,0.2476,0.2351
2022-02-24 08:00:00,0.2356,0.2385,0.2407,0.2351
2022-02-24 12:00:00,0.2387,0.2382,0.2396,0.2343
2022-02-24 16:00:00,0.2383,0.2392,0.2414,0.2327
2022-02-24 20:00:00,0.2411,0.2462,0.2525,0.2411
2022-02-25 00:00:00,0.2462,0.2487,0.2506,0.2462
2022-02-25 04:00:00,0.2504,0.2506,0.2536,0.2489
2022-02-25 08:00:00,0.2506,0.2608,0.2635,0.247
2022-02-25 12:00:00,0.2621,0.2725,0.2774,0.2612
2022-02-25 16:00:00,0.2727,0.267,0.2745,0.2641
2022-02-25 20:00:00,0.2672,0.2756,0.2764,0.2655
2022-02-26 00:00:00,0.2748,0.2846,0.2849,0.2745
2022-02-26 04:00:00,0.2842,0.2886,0.2887,0.2817
2022-02-26 08:00:00,0.2885,0.3223,0.3375,0.2851
2022-02-26 12:00:00,0.324,0.2895,0.3245,0.2811
2022-02-26 16:00:00,0.2895,0.2743,0.2974,0.2693
2022-02-26 20:00:00,0.2734,0.2693,0.2738,0.2679
2022-02-27 00:00:00,0.2677,0.2659,0.27,0.265
2022-02-27 04:00:00,0.2656,0.2676,0.2682,0.2637
2022-02-27 08:00:00,0.2676,0.2728,0.2799,0.2625
2022-02-27 12:00:00,0.2746,0.2697,0.2759,0.2676
2022-02-27 16:00:00,0.2677,0.264,0.27,0.2637
2022-02-27 20:00:00,0.264,0.2603,0.2646,0.2592
2022-02-28 00:00:00,0.2603,0.2746,0.277,0.2568
2022-02-28 04:00:00,0.2745,0.2791,0.2814,0.2647
2022-02-28 08:00:00,0.2791,0.2775,0.2799,0.2748
2022-02-28 12:00:00,0.2773,0.2847,0.2862,0.269
2022-02-28 16:00:00,0.2846,0.2977,0.299,0.2816
2022-02-28 20:00:00,0.2977,0.3035,0.31,0.297
2022-03-01 00:00:00,0.3054,0.3003,0.306,0.2993
2022-03-01 04:00:00,0.3009,0.3077,0.3077,0.2998
2022-03-01 08:00:00,0.3063,0.3048,0.3116,0.3036
2022-03-01 12:00:00,0.305,0.3049,0.3116,0.3035
2022-03-01 16:00:00,0.3045,0.3039,0.3058,0.302
2022-03-01 20:00:00,0.3039,0.3007,0.3095,0.2981
2022-03-02 00:00:00,0.3005,0.3045,0.3051,0.2987
2022-03-02 04:00:00,0.3047,0.298,0.3056,0.2944
2022-03-02 08:00:00,0.2984,0.2983,0.3004,0.2917
2022-03-02 12:00:00,0.2989,0.2996,0.304,0.298
2022-03-02 16:00:00,0.2997,0.2982,0.301,0.295
2022-03-02 20:00:00,0.2974,0.3003,0.3055,0.296
2022-03-03 00:00:00,0.3005,0.3002,0.3012,0.2993
2022-03-03 04:00:00,0.2995,0.2996,0.302,0.2988
2022-03-03 08:00:00,0.2994,0.2998,0.3008,0.2974
2022-03-03 12:00:00,0.2998,0.2904,0.302,0.29
2022-03-03 16:00:00,0.29,0.2916,0.292,0.2892
2022-03-03 20:00:00,0.2915,0.2874,0.2917,0.286
2022-03-04 00:00:00,0.2877,0.2904,0.2947,0.2836
2022-03-04 04:00:00,0.2891,0.289,0.291,0.286
2022-03-04 08:00:00,0.2884,0.2885,0.2896,0.2845
2022-03-04 12:00:00,0.289,0.2838,0.2896,0.2838
2022-03-04 16:00:00,0.285,0.2738,0.2855,0.2737
2022-03-04 20:00:00,0.2738,0.2734,0.2773,0.2724
2022-03-05 00:00:00,0.274,0.2717,0.2744,0.2712
2022-03-05 04:00:00,0.2717,0.2724,0.2735,0.2706
2022-03-05 08:00:00,0.2724,0.2738,0.276,0.2711
2022-03-05 12:00:00,0.2737,0.2678,0.2744,0.2669
2022-03-05 16:00:00,0.2676,0.2673,0.2693,0.2666
2022-03-05 20:00:00,0.2674,0.2663,0.2691,0.2648
2022-03-06 00:00:00,0.2667,0.2688,0.2713,0.2653
2022-03-06 04:00:00,0.2688,0.2656,0.2689,0.2645
2022-03-06 08:00:00,0.2656,0.261,0.267,0.261
2022-03-06 12:00:00,0.2612,0.2625,0.264,0.26
2022-03-06 16:00:00,0.2626,0.2614,0.264,0.2568
2022-03-06 20:00:00,0.2602,0.2564,0.2607,0.256
2022-03-07 00:00:00,0.257,0.2551,0.2683,0.2541
2022-03-07 04:00:00,0.2548,0.2551,0.2567,0.2541
2022-03-07 08:00:00,0.2559,0.2549,0.2561,0.2537
2022-03-07 12:00:00,0.2549,0.2585,0.2596,0.2538
2022-03-07 16:00:00,0.2585,0.2454,0.2596,0.2447
2022-03-07 20:00:00,0.2447,0.25,0.2508,0.2439
2022-03-08 00:00:00,0.2502,0.2468,0.2508,0.2453
2022-03-08 04:00:00,0.2468,0.2459,0.2479,0.2447
2022-03-08 08:00:00,0.2452,0.2481,0.2502,0.2452
2022-03-08 12:00:00,0.2493,0.2454,0.2495,0.242
2022-03-08 16:00:00,0.2444,0.2444,0.2471,0.2411
2022-03-08 20:00:00,0.2441,0.2441,0.2455,0.2424
2022-03-09 00:00:00,0.2441,0.2512,0.2512,0.2431
2022-03-09 04:00:00,0.2514,0.2477,0.2561,0.2434
2022-03-09 08:00:00,0.248,0.2473,0.2487,0.2455
2022-03-09 12:00:00,0.2473,0.2435,0.248,0.24
2022-03-09 16:00:00,0.2435,0.2459,0.2464,0.2435
2022-03-09 20:00:00,0.2456,0.2438,0.2464,0.2428
2022-03-10 00:00:00,0.2429,0.2382,0.2447,0.2382
2022-03-10 04:00:00,0.2392,0.2332,0.2392,0.2315
2022-03-10 08:00:00,0.2328,0.2321,0.2335,0.231
2022-03-10 12:00:00,0.2321,0.2373,0.2431,0.231
2022-03-10 16:00:00,0.2358,0.2294,0.2358,0.2274
2022-03-10 20:00:00,0.2294,0.2272,0.2294,0.2251
2022-03-11 00:00:00,0.2257,0.225,0.2295,0.2237
2022-03-11 04:00:00,0.2258,0.2259,0.2294,0.2229
2022-03-11 08:00:00,0.2261,0.2251,0.2297,0.2245
2022-03-11 12:00:00,0.2262,0.2215,0.2263,0.22
2022-03-11 16:00:00,0.22,0.2189,0.2215,0.2188
2022-03-11 20:00:00,0.2189,0.2188,0.2209,0.2188
2022-03-12 00:00:00,0.2188,0.2195,0.2202,0.2174
2022-03-12 04:00:00,0.218,0.2195,0.2226,0.218
2022-03-12 08:00:00,0.2197,0.2289,0.2295,0.2192
2022-03-12 12:00:00,0.2287,0.22,0.2295,0.2169
2022-03-12 16:00:00,0.2188,0.216,0.2212,0.2159
2022-03-12 20:00:00,0.2169,0.2179,0.2196,0.214
2022-03-13 00:00:00,0.2167,0.2111,0.2193,0.2076
2022-03-13 04:00:00,0.2107,0.2236,0.278,0.2105
2022-03-13 08:00:00,0.2244,0.2208,0.228,0.2181
2022-03-13 12:00:00,0.2207,0.2176,0.2229,0.2148
2022-03-13 16:00:00,0.2176,0.2162,0.2207,0.2151
2022-03-13 20:00:00,0.2163,0.2064,0.2188,0.2062
2022-03-14 00:00:00,0.2063,0.2078,0.21,0.2055
2022-03-14 04:00:00,0.2077,0.2092,0.21,0.2052
2022-03-14 08:00:00,0.2091,0.2068,0.2097,0.206
2022-03-14 12:00:00,0.2068,0.2062,0.2073,0.2055
2022-03-14 16:00:00,0.2063,0.2007,0.2076,0.2
2022-03-14 20:00:00,0.2003,0.2012,0.202,0.1998
2022-03-15 00:00:00,0.2013,0.1986,0.2019,0.1978
2022-03-15 04:00:00,0.1982,0.1977,0.1991,0.1966
2022-03-15 08:00:00,0.1977,0.1969,0.2,0.1959
2022-03-15 12:00:00,0.1965,0.194,0.1968,0.1903
2022-03-15 16:00:00,0.1939,0.1936,0.1945,0.193
2022-03-15 20:00:00,0.1938,0.1989,0.1991,0.1932
2022-03-16 00:00:00,0.1988,0.199,0.2009,0.1985
2022-03-16 04:00:00,0.199,0.1986,0.1997,0.1978
2022-03-16 08:00:00,0.1987,0.2004,0.2009,0.1982
2022-03-16 12:00:00,0.2006,0.2037,0.2061,0.2003
2022-03-16 16:00:00,0.2037,0.1962,0.2053,0.1956
2022-03-16 20:00:00,0.1964,0.1969,0.1985,0.1953
2022-03-17 00:00:00,0.197,0.1931,0.1984,0.1929
2022-03-17 04:00:00,0.1932,0.1911,0.1955,0.1911
2022-03-17 08:00:00,0.1911,0.19,0.1923,0.1893
2022-03-17 12:00:00,0.1901,0.1933,0.1959,0.189
2022-03-17 16:00:00,0.1936,0.1952,0.1959,0.1925
2022-03-17 20:00:00,0.1952,0.1948,0.1956,0.1929
2022-03-18 00:00:00,0.1948,0.1933,0.195,0.192
2022-03-18 04:00:00,0.1933,0.192,0.1938,0.1905
2022-03-18 08:00:00,0.1919,0.188,0.1923,0.1851
2022-03-18 12:00:00,0.1882,0.1864,0.1884,0.1836
2022-03-18 16:00:00,0.1864,0.1857,0.1896,0.1848
2022-03-18 20:00:00,0.1867,0.1843,0.1888,0.1829
2022-03-19 00:00:00,0.1843,0.1862,0.1863,0.184
2022-03-19 04:00:00,0.1852,0.1857,0.1875,0.1843
2022-03-19 08:00:00,0.1858,0.1882,0.1887,0.1848
2022-03-19 12:00:00,0.1881,0.2258,0.2669,0.1881
2022-03-19 16:00:00,0.225,0.2152,0.225,0.2089
2022-03-19 20:00:00,0.2151,0.2125,0.2156,0.2122
2022-03-20 00:00:00,0.2123,0.211,0.2131,0.21
2022-03-20 04:00:00,0.2106,0.2103,0.2112,0.2097
2022-03-20 08:00:00,0.2104,0.2113,0.2121,0.2083
2022-03-20 12:00:00,0.2113,0.2092,0.2118,0.2077
2022-03-20 16:00:00,0.209,0.2012,0.2095,0.2
2022-03-20 20:00:00,0.2011,0.2016,0.2022,0.2005
2022-03-21 00:00:00,0.2017,0.1951,0.2223,0.1812
2022-03-21 04:00:00,0.1952,0.1951,0.1958,0.1923
2022-03-21 08:00:00,0.1953,0.198,0.1999,0.1949
2022-03-21 12:00:00,0.1981,0.1977,0.1991,0.1959
2022-03-21 16:00:00,0.1976,0.198,0.1984,0.1947
2022-03-21 20:00:00,0.1984,0.2014,0.2028,0.1975
2022-03-22 00:00:00,0.2012,0.2015,0.2051,0.1999
2022-03-22 04:00:00,0.2016,0.204,0.2067,0.2003
2022-03-22 08:00:00,0.204,0.2064,0.2076,0.203
2022-03-22 12:00:00,0.207,0.2097,0.21,0.2056
2022-03-22 16:00:00,0.2088,0.2083,0.21,0.2027
2022-03-22 20:00:00,0.2089,0.2083,0.2111,0.2048
2022-03-23 00:00:00,0.2091,0.2027,0.2094,0.2018
2022-03-23 04:00:00,0.2028,0.2036,0.2052,0.2018
2022-03-23 08:00:00,0.2046,0.2006,0.21,0.1992
2022-03-23 12:00:00,0.2008,0.1993,0.2018,0.198
2022-03-23 16:00:00,0.1992,0.2005,0.2027,0.1953
2022-03-23 20:00:00,0.2007,0.2,0.2018,0.1971
2022-03-24 00:00:00,0.1994,0.2024,0.2058,0.1985
2022-03-24 04:00:00,0.202,0.2041,0.2041,0.201
2022-03-24 08:00:00,0.203,0.2028,0.205,0.2018
2022-03-24 12:00:00,0.2031,0.2092,0.2136,0.2009
2022-03-24 16:00:00,0.2091,0.2147,0.2174,0.2083
2022-03-24 20:00:00,0.215,0.2169,0.2179,0.213
2022-03-25 00:00:00,0.2168,0.2173,0.218,0.2166
2022-03-25 04:00:00,0.2172,0.2117,0.218,0.21
2022-03-25 08:00:00,0.2111,0.2128,0.2139,0.21
2022-03-25 12:00:00,0.2129,0.2131,0.2184,0.2118
2022-03-25 16:00:00,0.2131,0.2129,0.214,0.2115
2022-03-25 20:00:00,0.2134,0.2142,0.2146,0.2104
2022-03-26 00:00:00,0.2143,0.21,0.2143,0.21
2022-03-26 04:00:00,0.21,0.2125,0.2125,0.2088
2022-03-26 08:00:00,0.2121,0.2301,0.2312,0.2113
2022-03-26 12:00:00,0.2304,0.255,0.37,0.2255
2022-03-26 16:00:00,0.2533,0.2575,0.273,0.247
2022-03-26 20:00:00,0.2558,0.2452,0.2567,0.2431
2022-03-27 00:00:00,0.2449,0.2367,0.2496,0.235
2022-03-27 04:00:00,0.2366,0.2414,0.243,0.233
2022-03-27 08:00:00,0.241,0.238,0.2424,0.2364
2022-03-27 12:00:00,0.2376,0.2332,0.2391,0.2319
2022-03-27 16:00:00,0.2332,0.2368,0.2383,0.2303
2022-03-27 20:00:00,0.2368,0.246,0.2471,0.2328
2022-03-28 00:00:00,0.246,0.243,0.2467,0.2416
2022-03-28 04:00:00,0.243,0.2431,0.2462,0.241
2022-03-28 08:00:00,0.243,0.2528,0.2556,0.2426
2022-03-28 12:00:00,0.2537,0.2486,0.265,0.248
2022-03-28 16:00:00,0.248,0.2487,0.2527,0.2463
2022-03-28 20:00:00,0.2489,0.2588,0.2619,0.248
2022-03-29 00:00:00,0.258,0.2598,0.26,0.2571
2022-03-29 04:00:00,0.2598,0.257,0.262,0.2538
2022-03-29 08:00:00,0.2556,0.2485,0.26,0.2481
2022-03-29 12:00:00,0.2481,0.2507,0.252,0.2462
2022-03-29 16:00:00,0.2511,0.251,0.2523,0.2487
2022-03-29 20:00:00,0.2511,0.25,0.2517,0.2487
2022-03-30 00:00:00,0.25,0.2497,0.2535,0.2458
2022-03-30 04:00:00,0.2496,0.2505,0.2519,0.2451
2022-03-30 08:00:00,0.251,0.2499,0.2519,0.2463
2022-03-30 12:00:00,0.2501,0.2508,0.2537,0.2472
2022-03-30 16:00:00,0.2508,0.247,0.2559,0.2414
2022-03-30 20:00:00,0.2475,0.2495,0.2512,0.2475
2022-03-31 00:00:00,0.2495,0.2467,0.2511,0.2454
2022-03-31 04:00:00,0.2472,0.2464,0.2503,0.2424
2022-03-31 08:00:00,0.2468,0.2492,0.255,0.245
2022-03-31 12:00:00,0.2492,0.2438,0.2495,0.242
2022-03-31 16:00:00,0.244,0.2371,0.2447,0.2335
2022-03-31 20:00:00,0.2352,0.2344,0.2362,0.2328
2022-04-01 00:00:00,0.2345,0.2264,0.2367,0.223
2022-04-01 04:00:00,0.2264,0.2319,0.2319,0.2238
2022-04-01 08:00:00,0.2311,0.2327,0.2343,0.2252
2022-04-01 12:00:00,0.234,0.2406,0.2424,0.233
2022-04-01 16:00:00,0.2406,0.2415,0.2423,0.2366
2022-04-01 20:00:00,0.2412,0.241,0.2455,0.2392
2022-04-02 00:00:00,0.2408,0.2433,0.2446,0.2368
2022-04-02 04:00:00,0.2434,0.2485,0.2492,0.2427
2022-04-02 08:00:00,0.2495,0.2447,0.2524,0.2435
2022-04-02 12:00:00,0.2447,0.2432,0.2457,0.2414
2022-04-02 16:00:00,0.2431,0.2442,0.2462,0.242
2022-04-02 20:00:00,0.2436,0.245,0.2455,0.2423
2022-04-03 00:00:00,0.245,0.2393,0.2457,0.2368
2022-04-03 04:00:00,0.2392,0.2469,0.2487,0.2391
2022-04-03 08:00:00,0.2472,0.2441,0.2487,0.2413
2022-04-03 12:00:00,0.2439,0.2448,0.2448,0.239
2022-04-03 16:00:00,0.2449,0.2437,0.2471,0.239
2022-04-03 20:00:00,0.2437,0.2416,0.2442,0.2393
2022-04-04 00:00:00,0.2417,0.2446,0.2463,0.2407
2022-04-04 04:00:00,0.2444,0.2501,0.2517,0.244
2022-04-04 08:00:00,0.25,0.2473,0.252,0.2438
2022-04-04 12:00:00,0.2474,0.2433,0.2524,0.2425
2022-04-04 16:00:00,0.2431,0.2389,0.2442,0.2303
2022-04-04 20:00:00,0.2381,0.2397,0.2437,0.2376
2022-04-05 00:00:00,0.2397,0.2415,0.2432,0.2397
2022-04-05 04:00:00,0.2431,0.2433,0.2461,0.2415
2022-04-05 08:00:00,0.2433,0.2495,0.2495,0.2399
2022-04-05 12:00:00,0.248,0.2434,0.2501,0.241
2022-04-05 16:00:00,0.2435,0.2428,0.2446,0.2412
2022-04-05 20:00:00,0.2427,0.2429,0.2456,0.2408
2022-04-06 00:00:00,0.2429,0.2357,0.2431,0.2275
2022-04-06 04:00:00,0.2358,0.2317,0.237,0.2297
2022-04-06 08:00:00,0.231,0.2252,0.232,0.2244
2022-04-06 12:00:00,0.2253,0.2231,0.2265,0.2208
2022-04-06 16:00:00,0.2226,0.2272,0.2296,0.2185
2022-04-06 20:00:00,0.2277,0.2247,0.2296,0.2236
2022-04-07 00:00:00,0.2251,0.2111,0.2254,0.2111
2022-04-07 04:00:00,0.2116,0.2231,0.2243,0.2116
2022-04-07 08:00:00,0.2228,0.2186,0.2236,0.2184
2022-04-07 12:00:00,0.2186,0.2148,0.2193,0.2146
2022-04-07 16:00:00,0.215,0.2163,0.2174,0.2142
2022-04-07 20:00:00,0.2163,0.2156,0.2168,0.2122
2022-04-08 00:00:00,0.2154,0.2183,0.2185,0.2131
2022-04-08 04:00:00,0.2182,0.2191,0.2195,0.2166
2022-04-08 08:00:00,0.2181,0.2154,0.2202,0.2148
2022-04-08 12:00:00,0.2154,0.2156,0.216,0.2127
2022-04-08 16:00:00,0.2153,0.2109,0.2162,0.2097
2022-04-08 20:00:00,0.2111,0.2088,0.2132,0.2083
2022-04-09 00:00:00,0.2088,0.2067,0.2097,0.2042
2022-04-09 04:00:00,0.207,0.2065,0.2072,0.204
2022-04-09 08:00:00,0.2068,0.2032,0.2076,0.2027
2022-04-09 12:00:00,0.204,0.2074,0.2109,0.2006
2022-04-09 16:00:00,0.2085,0.206,0.209,0.2038
2022-04-09 20:00:00,0.206,0.2057,0.2079,0.203
2022-04-10 00:00:00,0.2057,0.2058,0.2074,0.2055
2022-04-10 04:00:00,0.2058,0.2118,0.2147,0.2049
2022-04-10 08:00:00,0.2118,0.2343,0.2375,0.2118
2022-04-10 12:00:00,0.2349,0.2251,0.25,0.2173
2022-04-10 16:00:00,0.2259,0.2118,0.2303,0.21
2022-04-10 20:00:00,0.2125,0.2104,0.2162,0.209
2022-04-11 00:00:00,0.2097,0.206,0.2107,0.205
2022-04-11 04:00:00,0.2058,0.2056,0.2086,0.2043
2022-04-11 08:00:00,0.2052,0.2033,0.2083,0.2001
2022-04-11 12:00:00,0.203,0.203,0.2047,0.1998
2022-04-11 16:00:00,0.2029,0.2013,0.204,0.1992
2022-04-11 20:00:00,0.2018,0.1993,0.2027,0.1989
2022-04-12 00:00:00,0.1994,0.1952,0.1999,0.1947
2022-04-12 04:00:00,0.1952,0.1995,0.2,0.1922
2022-04-12 08:00:00,0.1993,0.2,0.2,0.1978
2022-04-12 12:00:00,0.1995,0.1999,0.2006,0.1978
2022-04-12 16:00:00,0.2003,0.1979,0.2008,0.1954
2022-04-12 20:00:00,0.1979,0.1969,0.198,0.1955
2022-04-13 00:00:00,0.1976,0.196,0.1976,0.1938
2022-04-13 04:00:00,0.1959,0.1949,0.1965,0.1947
2022-04-13 08:00:00,0.195,0.1961,0.1972,0.1947
2022-04-13 12:00:00,0.1961,0.198,0.1984,0.1951
2022-04-13 16:00:00,0.198,0.2009,0.2017,0.1941
2022-04-13 20:00:00,0.2015,0.2008,0.2018,0.1994
2022-04-14 00:00:00,0.2006,0.1996,0.2012,0.1973
2022-04-14 04:00:00,0.1992,0.1998,0.2012,0.1979
2022-04-14 08:00:00,0.1998,0.1983,0.2023,0.197
2022-04-14 12:00:00,0.1989,0.1905,0.1993,0.1901
2022-04-14 16:00:00,0.1906,0.1894,0.1923,0.1887
2022-04-14 20:00:00,0.1892,0.1911,0.1938,0.1887
2022-04-15 00:00:00,0.1915,0.1923,0.1939,0.191
2022-04-15 04:00:00,0.1932,0.1908,0.1947,0.1899
2022-04-15 08:00:00,0.1911,0.1912,0.1924,0.1898
2022-04-15 12:00:00,0.191,0.1883,0.1923,0.1881
2022-04-15 16:00:00,0.1882,0.1912,0.1917,0.1845
2022-04-15 20:00:00,0.1913,0.1924,0.1939,0.1901
2022-04-16 00:00:00,0.1925,0.1949,0.1958,0.1921
2022-04-16 04:00:00,0.195,0.1962,0.1964,0.1942
2022-04-16 08:00:00,0.1959,0.1955,0.1986,0.1949
2022-04-16 12:00:00,0.1954,0.1934,0.1995,0.1928
2022-04-16 16:00:00,0.1933,0.1891,0.1955,0.1882
2022-04-16 20:00:00,0.1891,0.1864,0.1892,0.1833
2022-04-17 00:00:00,0.1864,0.1852,0.1892,0.1845
2022-04-17 04:00:00,0.1848,0.1854,0.1857,0.182
2022-04-17 08:00:00,0.1857,0.1854,0.186,0.1836
2022-04-17 12:00:00,0.1855,0.1842,0.1863,0.184
2022-04-17 16:00:00,0.1843,0.1834,0.1859,0.1823
2022-04-17 20:00:00,0.1831,0.1799,0.1836,0.1784
2022-04-18 00:00:00,0.18,0.1751,0.1801,0.172
2022-04-18 04:00:00,0.1751,0.1752,0.1759,0.1743
2022-04-18 08:00:00,0.1749,0.1728,0.1752,0.1707
2022-04-18 12:00:00,0.1716,0.1733,0.1737,0.1713
2022-04-18 16:00:00,0.1733,0.1761,0.1761,0.1719
2022-04-18 20:00:00,0.1761,0.1773,0.1786,0.1755
2022-04-19 00:00:00,0.1772,0.1747,0.1776,0.1747
2022-04-19 04:00:00,0.1744,0.1737,0.1747,0.173
2022-04-19 08:00:00,0.1733,0.1731,0.1756,0.1731
2022-04-19 12:00:00,0.1732,0.1737,0.1763,0.1707
2022-04-19 16:00:00,0.1735,0.1732,0.1772,0.171
2022-04-19 20:00:00,0.173,0.1733,0.1748,0.1722
2022-04-20 00:00:00,0.1732,0.1761,0.1791,0.1704
2022-04-20 04:00:00,0.1764,0.1759,0.1784,0.175
2022-04-20 08:00:00,0.1759,0.1748,0.1768,0.1738
2022-04-20 12:00:00,0.1749,0.1852,0.1863,0.1745
2022-04-20 16:00:00,0.1852,0.1816,0.1901,0.1809
2022-04-20 20:00:00,0.1816,0.188,0.1895,0.1809
2022-04-21 00:00:00,0.1881,0.1809,0.1893,0.1779
2022-04-21 04:00:00,0.181,0.1775,0.1814,0.1761
2022-04-21 08:00:00,0.1778,0.1792,0.1798,0.1755
2022-04-21 12:00:00,0.1792,0.18,0.181,0.1767
2022-04-21 16:00:00,0.18,0.1784,0.1855,0.1772
2022-04-21 20:00:00,0.1784,0.175,0.1801,0.174
2022-04-22 00:00:00,0.1748,0.175,0.1761,0.1738
2022-04-22 04:00:00,0.1753,0.1754,0.1764,0.1731
2022-04-22 08:00:00,0.1753,0.1752,0.1758,0.1748
2022-04-22 12:00:00,0.1752,0.174,0.1761,0.1726
2022-04-22 16:00:00,0.174,0.1717,0.174,0.1696
2022-04-22 20:00:00,0.1717,0.1724,0.1736,0.1701
2022-04-23 00:00:00,0.1724,0.1701,0.1724,0.1687
2022-04-23 04:00:00,0.1701,0.1695,0.1714,0.1695
2022-04-23 08:00:00,0.1707,0.1714,0.1714,0.17
2022-04-23 12:00:00,0.1703,0.1703,0.1718,0.1703
2022-04-23 16:00:00,0.1716,0.1708,0.1731,0.1707
2022-04-23 20:00:00,0.1717,0.1882,0.2664,0.1717
2022-04-24 00:00:00,0.1882,0.1924,0.1938,0.1828
2022-04-24 04:00:00,0.1923,0.1875,0.2027,0.1852
2022-04-24 08:00:00,0.1866,0.1844,0.1881,0.1822
2022-04-24 12:00:00,0.1843,0.1832,0.1895,0.18
2022-04-24 16:00:00,0.1832,0.1797,0.1905,0.179
2022-04-24 20:00:00,0.1805,0.1799,0.1805,0.179
2022-04-25 00:00:00,0.179,0.1779,0.1799,0.175
2022-04-25 04:00:00,0.1779,0.1756,0.1787,0.1731
2022-04-25 08:00:00,0.1756,0.1759,0.1779,0.1721
2022-04-25 12:00:00,0.1748,0.174,0.1773,0.172
2022-04-25 16:00:00,0.1742,0.1749,0.1804,0.1721
2022-04-25 20:00:00,0.1747,0.1775,0.1785,0.1743
2022-04-26 00:00:00,0.1776,0.1768,0.181,0.1761
2022-04-26 04:00:00,0.1772,0.1678,0.1809,0.1594
2022-04-26 08:00:00,0.167,0.1667,0.1675,0.1638
2022-04-26 12:00:00,0.1664,0.1641,0.1713,0.1635
2022-04-26 16:00:00,0.1641,0.1613,0.1644,0.1589
2022-04-26 20:00:00,0.1612,0.1597,0.1621,0.1586
2022-04-27 00:00:00,0.1591,0.1598,0.1605,0.1562
2022-04-27 04:00:00,0.1598,0.1592,0.1605,0.157
2022-04-27 08:00:00,0.1593,0.1565,0.1593,0.1557
2022-04-27 12:00:00,0.157,0.1581,0.1611,0.1565
2022-04-27 16:00:00,0.1574,0.1569,0.1586,0.156
2022-04-27 20:00:00,0.1568,0.1564,0.158,0.1543
2022-04-28 00:00:00,0.1556,0.1559,0.1569,0.1556
2022-04-28 04:00:00,0.1557,0.1564,0.1589,0.1556
2022-04-28 08:00:00,0.1564,0.1597,0.1606,0.1557
2022-04-28 12:00:00,0.1596,0.1577,0.1606,0.156
2022-04-28 16:00:00,0.1575,0.1588,0.1612,0.1557
2022-04-28 20:00:00,0.1589,0.158,0.1616,0.1576
2022-04-29 00:00:00,0.1584,0.1579,0.1588,0.1566
2022-04-29 04:00:00,0.1572,0.1584,0.1586,0.1566
2022-04-29 08:00:00,0.1584,0.1567,0.1587,0.1564
2022-04-29 12:00:00,0.157,0.1589,0.1589,0.1536
2022-04-29 16:00:00,0.1583,0.1542,0.1605,0.1517
2022-04-29 20:00:00,0.1542,0.1535,0.1547,0.1517
2022-04-30 00:00:00,0.1535,0.1536,0.1541,0.1526
2022-04-30 04:00:00,0.1532,0.1541,0.156,0.1521
2022-04-30 08:00:00,0.1547,0.153,0.155,0.153
2022-04-30 12:00:00,0.153,0.1519,0.1539,0.1506
2022-04-30 16:00:00,0.152,0.1516,0.1524,0.15
2022-04-30 20:00:00,0.1518,0.1457,0.1521,0.1441
2022-05-01 00:00:00,0.1459,0.144,0.1496,0.1438
2022-05-01 04:00:00,0.144,0.1454,0.1466,0.1438
2022-05-01 08:00:00,0.1451,0.1459,0.1489,0.1451
2022-05-01 12:00:00,0.1456,0.1456,0.1466,0.1432
2022-05-01 16:00:00,0.1453,0.1457,0.1498,0.1415
2022-05-01 20:00:00,0.1456,0.1473,0.148,0.1452
2022-05-02 00:00:00,0.1474,0.1491,0.1512,0.1453
2022-05-02 04:00:00,0.1503,0.1506,0.1526,0.1482
2022-05-02 08:00:00,0.1505,0.1473,0.1521,0.1446
2022-05-02 12:00:00,0.1472,0.1472,0.1476,0.1461
2022-05-02 16:00:00,0.1473,0.1442,0.1526,0.1442
2022-05-02 20:00:00,0.1448,0.1432,0.1461,0.1411
2022-05-03 00:00:00,0.1431,0.1434,0.1442,0.1419
2022-05-03 04:00:00,0.1435,0.1434,0.1444,0.1422
2022-05-03 08:00:00,0.1431,0.141,0.1451,0.141
2022-05-03 12:00:00,0.1421,0.1384,0.1426,0.1383
2022-05-03 16:00:00,0.1397,0.1348,0.1397,0.1333
2022-05-03 20:00:00,0.1348,0.1343,0.135,0.1333
2022-05-04 00:00:00,0.1337,0.1343,0.1354,0.1337
2022-05-04 04:00:00,0.1345,0.1363,0.1381,0.1333
2022-05-04 08:00:00,0.1361,0.1476,0.1496,0.1357
2022-05-04 12:00:00,0.1476,0.1444,0.1497,0.1426
2022-05-04 16:00:00,0.1446,0.1461,0.1523,0.1445
2022-05-04 20:00:00,0.1458,0.1502,0.1549,0.1433
2022-05-05 00:00:00,0.15,0.1519,0.155,0.1481
2022-05-05 04:00:00,0.1517,0.1524,0.1534,0.1512
2022-05-05 08:00:00,0.1525,0.1616,0.1647,0.1491
2022-05-05 12:00:00,0.1615,0.144,0.1622,0.1374
2022-05-05 16:00:00,0.1429,0.1447,0.1498,0.1413
2022-05-05 20:00:00,0.1447,0.1701,0.196,0.1442
2022-05-06 00:00:00,0.1698,0.172,0.1786,0.16
2022-05-06 04:00:00,0.1725,0.1694,0.1813,0.165
2022-05-06 08:00:00,0.1694,0.1711,0.1819,0.1666
2022-05-06 12:00:00,0.1712,0.1841,0.1876,0.1652
2022-05-06 16:00:00,0.1841,0.1905,0.24,0.18
2022-05-06 20:00:00,0.1903,0.2008,0.2136,0.1884
2022-05-07 00:00:00,0.2007,0.19,0.2099,0.1888
2022-05-07 04:00:00,0.19,0.176,0.1938,0.175
2022-05-07 08:00:00,0.177,0.1754,0.1825,0.175
2022-05-07 12:00:00,0.1756,0.1752,0.1814,0.1716
2022-05-07 16:00:00,0.1755,0.1669,0.1756,0.166
2022-05-07 20:00:00,0.1669,0.161,0.1746,0.1572
2022-05-08 00:00:00,0.161,0.1612,0.1619,0.1565
2022-05-08 04:00:00,0.1613,0.1593,0.1615,0.1568
2022-05-08 08:00:00,0.159,0.1594,0.1611,0.156
2022-05-08 12:00:00,0.1593,0.175,0.1779,0.1591
2022-05-08 16:00:00,0.1762,0.1678,0.177,0.1675
2022-05-08 20:00:00,0.1682,0.1633,0.1682,0.1618
2022-05-09 00:00:00,0.1633,0.1616,0.1639,0.158
2022-05-09 04:00:00,0.1609,0.1605,0.1621,0.1588
2022-05-09 08:00:00,0.1605,0.1542,0.1638,0.1528
2022-05-09 12:00:00,0.1541,0.1539,0.1629,0.1503
2022-05-09 16:00:00,0.1533,0.134,0.1539,0.132
2022-05-09 20:00:00,0.134,0.13,0.136,0.1232
2022-05-10 00:00:00,0.1276,0.132,0.1404,0.123
2022-05-10 04:00:00,0.132,0.1346,0.1362,0.132
2022-05-10 08:00:00,0.1347,0.1352,0.1397,0.1346
2022-05-10 12:00:00,0.1365,0.1371,0.1407,0.135
2022-05-10 16:00:00,0.1371,0.137,0.14,0.1364
2022-05-10 20:00:00,0.1364,0.1347,0.1376,0.134
2022-05-11 00:00:00,0.134,0.1294,0.1378,0.1287
2022-05-11 04:00:00,0.129,0.1171,0.1291,0.1159
2022-05-11 08:00:00,0.1171,0.1102,0.118,0.1102
2022-05-11 12:00:00,0.1105,0.1052,0.1126,0.1008
2022-05-11 16:00:00,0.1052,0.1005,0.1079,0.1005
2022-05-11 20:00:00,0.1005,0.0926,0.1015,0.0855
2022-05-12 00:00:00,0.0927,0.0865,0.0955,0.0861
2022-05-12 04:00:00,0.0867,0.075,0.087,0.054
2022-05-12 08:00:00,0.075,0.0782,0.0891,0.0723
2022-05-12 12:00:00,0.0785,0.0805,0.082,0.0748
2022-05-12 16:00:00,0.0805,0.0797,0.0842,0.078
2022-05-12 20:00:00,0.0797,0.0792,0.0812,0.0769
2022-05-13 00:00:00,0.078,0.0877,0.0889,0.0771
2022-05-13 04:00:00,0.0879,0.0888,0.0922,0.087
2022-05-13 08:00:00,0.0887,0.0895,0.09,0.0876
2022-05-13 12:00:00,0.0893,0.0889,0.0922,0.0872
2022-05-13 16:00:00,0.0889,0.087,0.089,0.087
2022-05-13 20:00:00,0.087,0.0813,0.088,0.0812
2022-05-14 00:00:00,0.0813,0.0798,0.0826,0.0797
2022-05-14 04:00:00,0.0804,0.0803,0.082,0.0789
2022-05-14 08:00:00,0.0797,0.0765,0.0812,0.0765
2022-05-14 12:00:00,0.0764,0.0706,0.0764,0.0706
2022-05-14 16:00:00,0.0719,0.0742,0.0764,0.0719
2022-05-14 20:00:00,0.0742,0.0748,0.0762,0.0736
2022-05-15 00:00:00,0.0741,0.0736,0.0764,0.0736
2022-05-15 04:00:00,0.0738,0.0767,0.0787,0.0732
2022-05-15 08:00:00,0.0767,0.0757,0.0769,0.0745
2022-05-15 12:00:00,0.0757,0.0771,0.078,0.0753
2022-05-15 16:00:00,0.0771,0.0799,0.0807,0.0771
2022-05-15 20:00:00,0.0797,0.0824,0.0827,0.0795
2022-05-16 00:00:00,0.0824,0.0786,0.0826,0.078
2022-05-16 04:00:00,0.0786,0.0754,0.0795,0.0746
2022-05-16 08:00:00,0.0755,0.0843,0.086,0.0742
2022-05-16 12:00:00,0.0821,0.0827,0.1196,0.0798
2022-05-16 16:00:00,0.0827,0.0834,0.0856,0.0808
2022-05-16 20:00:00,0.0834,0.0799,0.0837,0.0795
2022-05-17 00:00:00,0.0799,0.0842,0.0851,0.0795
2022-05-17 04:00:00,0.0837,0.083,0.0848,0.0813
2022-05-17 08:00:00,0.083,0.0863,0.0872,0.0811
2022-05-17 12:00:00,0.0863,0.0892,0.0923,0.086
2022-05-17 16:00:00,0.0892,0.0956,0.0986,0.0892
2022-05-17 20:00:00,0.097,0.107,0.12,0.0923
2022-05-18 00:00:00,0.106,0.1048,0.1092,0.1017
2022-05-18 04:00:00,0.1045,0.1039,0.1121,0.1025
2022-05-18 08:00:00,0.1048,0.1064,0.1118,0.104
2022-05-18 12:00:00,0.1063,0.0968,0.1064,0.095
2022-05-18 16:00:00,0.0968,0.1012,0.1036,0.0941
2022-05-18 20:00:00,0.1013,0.1002,0.1047,0.1
2022-05-19 00:00:00,0.1003,0.1037,0.1058,0.0987
2022-05-19 04:00:00,0.104,0.1009,0.1055,0.1004
2022-05-19 08:00:00,0.1015,0.1,0.1024,0.0982
2022-05-19 12:00:00,0.0996,0.0997,0.1017,0.0976
2022-05-19 16:00:00,0.0999,0.1017,0.1042,0.0994
2022-05-19 20:00:00,0.1015,0.097,0.1023,0.0952
2022-05-20 00:00:00,0.0971,0.0996,0.0999,0.097
2022-05-20 04:00:00,0.0995,0.0989,0.1,0.0977
2022-05-20 08:00:00,0.0983,0.1009,0.1021,0.0978
2022-05-20 12:00:00,0.1008,0.0979,0.1022,0.0978
2022-05-20 16:00:00,0.0981,0.0946,0.0985,0.094
2022-05-20 20:00:00,0.0944,0.095,0.0969,0.094
2022-05-21 00:00:00,0.0952,0.0936,0.0956,0.093
2022-05-21 04:00:00,0.0935,0.0944,0.0954,0.093
2022-05-21 08:00:00,0.0946,0.0951,0.0969,0.0931
2022-05-21 12:00:00,0.0953,0.0966,0.0987,0.0945
2022-05-21 16:00:00,0.0968,0.1004,0.1007,0.0966
2022-05-21 20:00:00,0.1002,0.0984,0.1012,0.0967
2022-05-22 00:00:00,0.0985,0.0978,0.0995,0.0966
2022-05-22 04:00:00,0.099,0.0979,0.0995,0.0968
2022-05-22 08:00:00,0.0986,0.1003,0.1017,0.097
2022-05-22 12:00:00,0.0991,0.0985,0.1029,0.0949
2022-05-22 16:00:00,0.0985,0.0969,0.0985,0.0955
2022-05-22 20:00:00,0.0969,0.0954,0.0972,0.0932
2022-05-23 00:00:00,0.0949,0.0954,0.0981,0.0945
2022-05-23 04:00:00,0.0958,0.0955,0.096,0.0953
2022-05-23 08:00:00,0.0956,0.0948,0.096,0.0942
2022-05-23 12:00:00,0.0951,0.0934,0.096,0.0909
2022-05-23 16:00:00,0.0932,0.0919,0.0935,0.0912
2022-05-23 20:00:00,0.091,0.0885,0.0921,0.0867
2022-05-24 00:00:00,0.0885,0.0891,0.0899,0.0867
2022-05-24 04:00:00,0.0893,0.089,0.0902,0.0876
2022-05-24 08:00:00,0.089,0.0883,0.0893,0.0862
2022-05-24 12:00:00,0.0884,0.0872,0.0894,0.0853
2022-05-24 16:00:00,0.0879,0.0878,0.0891,0.087
2022-05-24 20:00:00,0.0877,0.0916,0.0928,0.0871
2022-05-25 00:00:00,0.0905,0.0915,0.094,0.0894
2022-05-25 04:00:00,0.0918,0.0914,0.0947,0.0899
2022-05-25 08:00:00,0.0913,0.0909,0.0927,0.0901
2022-05-25 12:00:00,0.0908,0.0906,0.0921,0.0893
2022-05-25 16:00:00,0.0905,0.0906,0.0914,0.0894
2022-05-25 20:00:00,0.0907,0.0904,0.0927,0.0889
2022-05-26 00:00:00,0.0905,0.09,0.0908,0.0889
2022-05-26 04:00:00,0.0897,0.0901,0.0911,0.0886
2022-05-26 08:00:00,0.0901,0.0885,0.0904,0.0856
2022-05-26 12:00:00,0.0885,0.0887,0.0894,0.0855
2022-05-26 16:00:00,0.0887,0.0861,0.0895,0.0861
2022-05-26 20:00:00,0.0864,0.0851,0.0867,0.0851
2022-05-27 00:00:00,0.0858,0.0823,0.0875,0.0823
2022-05-27 04:00:00,0.0819,0.0822,0.0824,0.08
2022-05-27 08:00:00,0.0823,0.0811,0.0834,0.0801
2022-05-27 12:00:00,0.0811,0.0839,0.0856,0.0805
2022-05-27 16:00:00,0.0839,0.0828,0.0844,0.0826
2022-05-27 20:00:00,0.0828,0.0822,0.0848,0.0813
2022-05-28 00:00:00,0.082,0.0819,0.0826,0.0816
2022-05-28 04:00:00,0.082,0.0832,0.0841,0.0803
2022-05-28 08:00:00,0.0832,0.0826,0.0844,0.0817
2022-05-28 12:00:00,0.0826,0.0849,0.0866,0.0809
2022-05-28 16:00:00,0.0849,0.0905,0.0979,0.0831
2022-05-28 20:00:00,0.0905,0.0856,0.0905,0.0846
2022-05-29 00:00:00,0.0855,0.0845,0.0861,0.083
2022-05-29 04:00:00,0.0849,0.0839,0.0861,0.083
2022-05-29 08:00:00,0.0839,0.0822,0.0839,0.0811
2022-05-29 12:00:00,0.0823,0.0808,0.083,0.0805
2022-05-29 16:00:00,0.0811,0.082,0.083,0.0805
2022-05-29 20:00:00,0.0819,0.0837,0.0849,0.0812
2022-05-30 00:00:00,0.0836,0.0867,0.0873,0.0832
2022-05-30 04:00:00,0.0865,0.0859,0.088,0.0856
2022-05-30 08:00:00,0.0859,0.0852,0.0892,0.0836
2022-05-30 12:00:00,0.0853,0.0842,0.0866,0.0825
2022-05-30 16:00:00,0.0846,0.0855,0.086,0.0838
2022-05-30 20:00:00,0.0852,0.0875,0.0897,0.0843
2022-05-31 00:00:00,0.0875,0.0875,0.0889,0.0861
2022-05-31 04:00:00,0.0877,0.0871,0.0897,0.0858
2022-05-31 08:00:00,0.087,0.0866,0.0931,0.0861
2022-05-31 12:00:00,0.0866,0.0856,0.0896,0.0854
2022-05-31 16:00:00,0.0859,0.0871,0.0893,0.0855
2022-05-31 20:00:00,0.0873,0.0884,0.0889,0.0849
2022-06-01 00:00:00,0.0882,0.0864,0.0893,0.0856
2022-06-01 04:00:00,0.0866,0.0877,0.0887,0.0848
2022-06-01 08:00:00,0.0877,0.0877,0.0879,0.0841
2022-06-01 12:00:00,0.0879,0.0837,0.088,0.0837
2022-06-01 16:00:00,0.084,0.0837,0.0871,0.082
2022-06-01 20:00:00,0.0837,0.0826,0.0838,0.0799
2022-06-02 00:00:00,0.0828,0.0826,0.0831,0.0809
2022-06-02 04:00:00,0.0825,0.0803,0.0828,0.0799
2022-06-02 08:00:00,0.0803,0.081,0.0818,0.0802
2022-06-02 12:00:00,0.081,0.0819,0.0824,0.0807
2022-06-02 16:00:00,0.082,0.0833,0.0835,0.0818
2022-06-02 20:00:00,0.0832,0.084,0.0847,0.0828
2022-06-03 00:00:00,0.0842,0.0848,0.0858,0.0835
2022-06-03 04:00:00,0.0848,0.0845,0.0852,0.084
2022-06-03 08:00:00,0.0844,0.0823,0.0845,0.082
2022-06-03 12:00:00,0.0824,0.0801,0.0824,0.0782
2022-06-03 16:00:00,0.0802,0.0822,0.0828,0.0798
2022-06-03 20:00:00,0.0823,0.0814,0.0833,0.0806
2022-06-04 00:00:00,0.0807,0.0803,0.0813,0.0798
2022-06-04 04:00:00,0.0806,0.0811,0.0833,0.0799
2022-06-04 08:00:00,0.0811,0.0806,0.0816,0.0805
2022-06-04 12:00:00,0.0806,0.0833,0.0833,0.08
2022-06-04 16:00:00,0.0828,0.0871,0.0884,0.0823
2022-06-04 20:00:00,0.0871,0.0853,0.0887,0.0847
2022-06-05 00:00:00,0.0854,0.0869,0.09,0.0843
2022-06-05 04:00:00,0.087,0.0884,0.0987,0.0855
2022-06-05 08:00:00,0.0884,0.0856,0.0893,0.0848
2022-06-05 12:00:00,0.0855,0.085,0.0888,0.0821
2022-06-05 16:00:00,0.085,0.0815,0.0856,0.0805
2022-06-05 20:00:00,0.081,0.0906,0.105,0.0805
2022-06-06 00:00:00,0.0905,0.0897,0.094,0.0878
2022-06-06 04:00:00,0.0898,0.0906,0.091,0.0879
2022-06-06 08:00:00,0.0906,0.0865,0.0906,0.0857
2022-06-06 12:00:00,0.086,0.0851,0.0868,0.0821
2022-06-06 16:00:00,0.0848,0.0839,0.086,0.0834
2022-06-06 20:00:00,0.0837,0.0839,0.086,0.0834
2022-06-07 00:00:00,0.0839,0.0814,0.084,0.0803
2022-06-07 04:00:00,0.0815,0.0815,0.0826,0.0808
2022-06-07 08:00:00,0.0814,0.0776,0.0819,0.0765
2022-06-07 12:00:00,0.0774,0.0807,0.0824,0.0766
2022-06-07 16:00:00,0.0807,0.0834,0.0868,0.0801
2022-06-07 20:00:00,0.0834,0.0831,0.0867,0.0818
2022-06-08 00:00:00,0.0827,0.0804,0.084,0.0799
2022-06-08 04:00:00,0.0803,0.0804,0.0811,0.0801
2022-06-08 08:00:00,0.0805,0.0812,0.0817,0.0803
2022-06-08 12:00:00,0.0811,0.0799,0.0815,0.0791
2022-06-08 16:00:00,0.0798,0.0923,0.147,0.079
2022-06-08 20:00:00,0.0923,0.0872,0.0953,0.087
2022-06-09 00:00:00,0.0876,0.0851,0.0877,0.0842
2022-06-09 04:00:00,0.085,0.0829,0.0864,0.0822
2022-06-09 08:00:00,0.0828,0.0862,0.0878,0.0828
2022-06-09 12:00:00,0.086,0.0832,0.0864,0.0832
2022-06-09 16:00:00,0.0832,0.0843,0.086,0.082
2022-06-09 20:00:00,0.0838,0.0829,0.0846,0.0822
2022-06-10 00:00:00,0.083,0.0823,0.0836,0.0814
2022-06-10 04:00:00,0.083,0.0824,0.0833,0.0821
2022-06-10 08:00:00,0.083,0.0823,0.083,0.0819
2022-06-10 12:00:00,0.0819,0.0844,0.0863,0.0819
2022-06-10 16:00:00,0.0845,0.0871,0.0899,0.0835
2022-06-10 20:00:00,0.0872,0.0962,0.115,0.0871
2022-06-11 00:00:00,0.0962,0.0882,0.0968,0.088
2022-06-11 04:00:00,0.088,0.0878,0.0894,0.0871
2022-06-11 08:00:00,0.0876,0.0861,0.0889,0.0854
2022-06-11 12:00:00,0.0861,0.0829,0.0904,0.082
2022-06-11 16:00:00,0.0829,0.0822,0.0833,0.0807
2022-06-11 20:00:00,0.0814,0.0843,0.0856,0.0809
2022-06-12 00:00:00,0.0843,0.082,0.0844,0.0805
2022-06-12 04:00:00,0.0817,0.0826,0.083,0.08
2022-06-12 08:00:00,0.0828,0.0815,0.0828,0.081
2022-06-12 12:00:00,0.0812,0.0843,0.0857,0.0801
2022-06-12 16:00:00,0.0842,0.0968,0.1347,0.0841
2022-06-12 20:00:00,0.0968,0.0943,0.099,0.091
2022-06-13 00:00:00,0.0947,0.0886,0.0967,0.0854
2022-06-13 04:00:00,0.0885,0.0857,0.09,0.0853
2022-06-13 08:00:00,0.0856,0.0819,0.0862,0.0808
2022-06-13 12:00:00,0.0819,0.0863,0.099,0.0819
2022-06-13 16:00:00,0.0864,0.0899,0.0916,0.085
2022-06-13 20:00:00,0.0901,0.084,0.0918,0.0823
2022-06-14 00:00:00,0.0844,0.082,0.0844,0.081
2022-06-14 04:00:00,0.0819,0.0848,0.0871,0.0811
2022-06-14 08:00:00,0.0845,0.0844,0.0857,0.0831
2022-06-14 12:00:00,0.0842,0.0855,0.0855,0.0827
2022-06-14 16:00:00,0.0852,0.0851,0.0862,0.0847
2022-06-14 20:00:00,0.085,0.0854,0.0899,0.0838
2022-06-15 00:00:00,0.0851,0.0848,0.0856,0.084
2022-06-15 04:00:00,0.0848,0.0829,0.0853,0.082
2022-06-15 08:00:00,0.08285,0.0833,0.0837,0.0782
2022-06-15 12:00:00,0.0832,0.0826,0.0853,0.08121
2022-06-15 16:00:00,0.0825,0.0842,0.0855,0.07965
2022-06-15 20:00:00,0.0844,0.0848,0.0859,0.08272
2022-06-16 00:00:00,0.0847,0.0842,0.08605,0.08403
2022-06-16 04:00:00,0.0844,0.0845,0.0885,0.084
2022-06-16 08:00:00,0.0843,0.08092,0.08634,0.08002
2022-06-16 12:00:00,0.08092,0.0814,0.08258,0.08003
2022-06-16 16:00:00,0.0813,0.0772,0.08252,0.07651
2022-06-16 20:00:00,0.0777,0.0758,0.0798,0.07511
2022-06-17 00:00:00,0.0757,0.07511,0.07718,0.07511
2022-06-17 04:00:00,0.0752,0.0757,0.076,0.07511
2022-06-17 08:00:00,0.07598,0.0775,0.0788,0.07515
2022-06-17 12:00:00,0.0776,0.0779,0.07949,0.07553
2022-06-17 16:00:00,0.0776,0.0768,0.0781,0.07609
2022-06-17 20:00:00,0.0764,0.0772,0.07995,0.0758
2022-06-18 00:00:00,0.07703,0.0756,0.07751,0.07547
2022-06-18 04:00:00,0.0757,0.0695,0.0761,0.06815
2022-06-18 08:00:00,0.06978,0.0669,0.0712,0.06571
2022-06-18 12:00:00,0.0669,0.06659,0.067,0.06423
2022-06-18 16:00:00,0.06659,0.066,0.067,0.06406
2022-06-18 20:00:00,0.0661,0.0657,0.06697,0.0615
2022-06-19 00:00:00,0.0654,0.0657,0.067,0.06507
2022-06-19 04:00:00,0.0656,0.06407,0.06599,0.0628
2022-06-19 08:00:00,0.0642,0.0679,0.06979,0.0639
2022-06-19 12:00:00,0.0681,0.0687,0.0691,0.0671
2022-06-19 16:00:00,0.0685,0.0689,0.0723,0.06781
2022-06-19 20:00:00,0.0689,0.0696,0.06993,0.06751
2022-06-20 00:00:00,0.0692,0.0687,0.0695,0.0675
2022-06-20 04:00:00,0.0685,0.0679,0.0687,0.0675
2022-06-20 08:00:00,0.0678,0.071,0.0712,0.0677
2022-06-20 12:00:00,0.0709,0.071,0.0735,0.06958
2022-06-20 16:00:00,0.0708,0.0704,0.07162,0.0698
2022-06-20 20:00:00,0.0704,0.0709,0.0709,0.07
2022-06-21 00:00:00,0.0707,0.0705,0.0716,0.0703
2022-06-21 04:00:00,0.0706,0.07211,0.07215,0.0703
2022-06-21 08:00:00,0.07211,0.0726,0.0737,0.07211
2022-06-21 12:00:00,0.0724,0.0734,0.07551,0.07214
2022-06-21 16:00:00,0.0733,0.0726,0.07367,0.0719
2022-06-21 20:00:00,0.0723,0.0698,0.0728,0.0686
2022-06-22 00:00:00,0.0698,0.06981,0.07085,0.06846
2022-06-22 04:00:00,0.0691,0.06844,0.06986,0.06844
2022-06-22 08:00:00,0.0686,0.06833,0.0686,0.0675
2022-06-22 12:00:00,0.0681,0.0687,0.06887,0.0677
2022-06-22 16:00:00,0.0685,0.0677,0.0685,0.0675
2022-06-22 20:00:00,0.0675,0.0676,0.06829,0.06672
2022-06-23 00:00:00,0.0676,0.06806,0.0683,0.06701
2022-06-23 04:00:00,0.067,0.0673,0.06857,0.06627
2022-06-23 08:00:00,0.0674,0.0673,0.06853,0.06695
2022-06-23 12:00:00,0.0672,0.0665,0.0676,0.06589
2022-06-23 16:00:00,0.0665,0.0667,0.06679,0.0655
2022-06-23 20:00:00,0.06666,0.06875,0.06971,0.0662
2022-06-24 00:00:00,0.0688,0.0686,0.06984,0.0674
2022-06-24 04:00:00,0.0687,0.0675,0.06984,0.06558
2022-06-24 08:00:00,0.0677,0.0671,0.06795,0.06666
2022-06-24 12:00:00,0.06659,0.0671,0.06845,0.06554
2022-06-24 16:00:00,0.0674,0.0681,0.06868,0.06681
2022-06-24 20:00:00,0.0675,0.0685,0.07077,0.0675
2022-06-25 00:00:00,0.0686,0.0687,0.06975,0.06811
2022-06-25 04:00:00,0.0684,0.0688,0.07004,0.06838
2022-06-25 08:00:00,0.06878,0.0694,0.07028,0.06812
2022-06-25 12:00:00,0.0695,0.0687,0.0698,0.06824
2022-06-25 16:00:00,0.0685,0.0687,0.07049,0.06745
2022-06-25 20:00:00,0.0688,0.0687,0.06917,0.06823
2022-06-26 00:00:00,0.0687,0.068,0.069,0.06752
2022-06-26 04:00:00,0.0686,0.0686,0.0694,0.06759
2022-06-26 08:00:00,0.0681,0.07018,0.07018,0.0681
2022-06-26 12:00:00,0.0698,0.0698,0.07249,0.0691
2022-06-26 16:00:00,0.0697,0.0693,0.0708,0.0691
2022-06-26 20:00:00,0.0697,0.0677,0.0707,0.06743
2022-06-27 00:00:00,0.0676,0.0678,0.06847,0.0674
2022-06-27 04:00:00,0.0679,0.0672,0.06852,0.06513
2022-06-27 08:00:00,0.0669,0.0671,0.0678,0.0668
2022-06-27 12:00:00,0.0671,0.0656,0.0671,0.06482
2022-06-27 16:00:00,0.0656,0.0661,0.06669,0.0654
2022-06-27 20:00:00,0.066,0.0663,0.06707,0.0658
2022-06-28 00:00:00,0.0658,0.066,0.06669,0.0658
2022-06-28 04:00:00,0.0659,0.0671,0.0671,0.0658
2022-06-28 08:00:00,0.0669,0.0672,0.0676,0.06627
2022-06-28 12:00:00,0.0672,0.0657,0.0677,0.06527
2022-06-28 16:00:00,0.0656,0.0659,0.06598,0.06548
2022-06-28 20:00:00,0.0657,0.0642,0.06598,0.06414
2022-06-29 00:00:00,0.0641,0.0644,0.06743,0.0641
2022-06-29 04:00:00,0.0644,0.0643,0.0648,0.0637
2022-06-29 08:00:00,0.0643,0.0644,0.06478,0.0641
2022-06-29 12:00:00,0.06473,0.0646,0.06478,0.06409
2022-06-29 16:00:00,0.06459,0.06049,0.10179,0.06011
2022-06-29 20:00:00,0.06049,0.05915,0.06144,0.05792
2022-06-30 00:00:00,0.059,0.0578,0.05915,0.05779
2022-06-30 04:00:00,0.0578,0.0562,0.05787,0.05586
2022-06-30 08:00:00,0.05618,0.05279,0.05618,0.05187
2022-06-30 12:00:00,0.0526,0.05379,0.05559,0.05198
2022-06-30 16:00:00,0.05379,0.0543,0.05558,0.05316
2022-06-30 20:00:00,0.0544,0.05558,0.05558,0.05362
2022-07-01 00:00:00,0.0547,0.05706,0.05932,0.0547
2022-07-01 04:00:00,0.05706,0.0574,0.05778,0.05602
2022-07-01 08:00:00,0.0574,0.0562,0.05873,0.05612
2022-07-01 12:00:00,0.0562,0.0563,0.05642,0.05611
2022-07-01 16:00:00,0.0563,0.0564,0.05711,0.05611
2022-07-01 20:00:00,0.0562,0.0569,0.0575,0.0562
2022-07-02 00:00:00,0.0569,0.0563,0.0572,0.05611
2022-07-02 04:00:00,0.0564,0.0563,0.0565,0.05611
2022-07-02 08:00:00,0.0563,0.0561,0.0564,0.0561
2022-07-02 12:00:00,0.05609,0.054,0.0561,0.05171
2022-07-02 16:00:00,0.0541,0.0545,0.05517,0.0534
2022-07-02 20:00:00,0.0545,0.0551,0.0554,0.05384
2022-07-03 00:00:00,0.0548,0.0549,0.05629,0.05408
2022-07-03 04:00:00,0.0547,0.0548,0.055,0.05447
2022-07-03 08:00:00,0.0547,0.05493,0.05498,0.05447
2022-07-03 12:00:00,0.05498,0.0543,0.05651,0.05305
2022-07-03 16:00:00,0.0542,0.0539,0.05487,0.05253
2022-07-03 20:00:00,0.0536,0.0538,0.05419,0.05324
2022-07-04 00:00:00,0.0535,0.05298,0.0538,0.0529
2022-07-04 04:00:00,0.05291,0.0525,0.05297,0.05171
2022-07-04 08:00:00,0.0522,0.0536,0.0536,0.05201
2022-07-04 12:00:00,0.0532,0.0539,0.05425,0.0532
2022-07-04 16:00:00,0.0538,0.05385,0.05609,0.05347
2022-07-04 20:00:00,0.0542,0.0551,0.05566,0.0538
2022-07-05 00:00:00,0.0552,0.0551,0.05557,0.0547
2022-07-05 04:00:00,0.05501,0.0555,0.05652,0.0548
2022-07-05 08:00:00,0.0556,0.0553,0.05608,0.05496
2022-07-05 12:00:00,0.0555,0.0542,0.0556,0.0535
2022-07-05 16:00:00,0.0542,0.0546,0.05528,0.05351
2022-07-05 20:00:00,0.0548,0.0547,0.05504,0.05362
2022-07-06 00:00:00,0.0546,0.05196,0.05496,0.05196
2022-07-06 04:00:00,0.05245,0.05329,0.05339,0.05245
2022-07-06 08:00:00,0.05329,0.0533,0.05335,0.0532
2022-07-06 12:00:00,0.0533,0.0524,0.05578,0.0513
2022-07-06 16:00:00,0.0524,0.0521,0.05629,0.05142
2022-07-06 20:00:00,0.0521,0.0522,0.05658,0.05053
2022-07-07 00:00:00,0.0524,0.05335,0.05649,0.0517
2022-07-07 04:00:00,0.0536,0.054,0.05596,0.05237
2022-07-07 08:00:00,0.0541,0.05461,0.05658,0.05329
2022-07-07 12:00:00,0.05461,0.0563,0.05733,0.0543
2022-07-07 16:00:00,0.0561,0.0552,0.083,0.0551
2022-07-07 20:00:00,0.0552,0.05517,0.05692,0.05516
2022-07-08 00:00:00,0.05579,0.05785,0.05962,0.05516
2022-07-08 04:00:00,0.05809,0.0599,0.06052,0.0574
2022-07-08 08:00:00,0.0592,0.05999,0.06092,0.05824
2022-07-08 12:00:00,0.05938,0.0581,0.0597,0.05748
2022-07-08 16:00:00,0.0581,0.05754,0.05863,0.05668
2022-07-08 20:00:00,0.0581,0.05769,0.06065,0.05637
2022-07-09 00:00:00,0.05767,0.05748,0.05863,0.05735
2022-07-09 04:00:00,0.0581,0.05875,0.0646,0.05744
2022-07-09 08:00:00,0.05875,0.0613,0.06389,0.05851
2022-07-09 12:00:00,0.06075,0.05916,0.06131,0.05864
2022-07-09 16:00:00,0.05905,0.0618,0.06964,0.0581
2022-07-09 20:00:00,0.06234,0.0632,0.06451,0.0618
2022-07-10 00:00:00,0.0632,0.0663,0.07188,0.0632
2022-07-10 04:00:00,0.0663,0.07391,0.09,0.0662
2022-07-10 08:00:00,0.0741,0.0789,0.08899,0.07181
2022-07-10 12:00:00,0.07887,0.0713,0.0789,0.0695
2022-07-10 16:00:00,0.0712,0.0637,0.07203,0.06111
2022-07-10 20:00:00,0.06373,0.0641,0.06618,0.0636
2022-07-11 00:00:00,0.0641,0.0622,0.0645,0.0615
2022-07-11 04:00:00,0.0622,0.06261,0.0634,0.0615
2022-07-11 08:00:00,0.0625,0.0625,0.06269,0.06133
2022-07-11 12:00:00,0.0624,0.0621,0.06361,0.06031
2022-07-11 16:00:00,0.0619,0.0612,0.06241,0.05976
2022-07-11 20:00:00,0.0612,0.06,0.06151,0.05862
2022-07-12 00:00:00,0.0598,0.0583,0.06003,0.05687
2022-07-12 04:00:00,0.0583,0.0526,0.0586,0.0526
2022-07-12 08:00:00,0.0526,0.0539,0.054,0.0526
2022-07-12 12:00:00,0.0539,0.0546,0.05579,0.05368
2022-07-12 16:00:00,0.0546,0.0534,0.05523,0.05298
2022-07-12 20:00:00,0.0537,0.05348,0.05436,0.0523
2022-07-13 00:00:00,0.05291,0.05381,0.05487,0.05167
2022-07-13 04:00:00,0.0538,0.0543,0.05462,0.0538
2022-07-13 08:00:00,0.0545,0.0544,0.05619,0.0538
2022-07-13 12:00:00,0.0544,0.0544,0.05667,0.05271
2022-07-13 16:00:00,0.0542,0.05653,0.05786,0.05395
2022-07-13 20:00:00,0.0562,0.06144,0.063,0.056
2022-07-14 00:00:00,0.06147,0.0628,0.06488,0.06047
2022-07-14 04:00:00,0.06313,0.0604,0.06372,0.05683
2022-07-14 08:00:00,0.0604,0.05713,0.06103,0.05653
2022-07-14 12:00:00,0.0574,0.0584,0.06049,0.05644
2022-07-14 16:00:00,0.0587,0.0591,0.05952,0.05833
2022-07-14 20:00:00,0.0589,0.0578,0.05937,0.0549
2022-07-15 00:00:00,0.058,0.0584,0.059,0.05713
2022-07-15 04:00:00,0.0584,0.0582,0.05857,0.05697
2022-07-15 08:00:00,0.0582,0.0581,0.05864,0.05768
2022-07-15 12:00:00,0.0582,0.05918,0.1,0.05802
2022-07-15 16:00:00,0.05918,0.06058,0.06146,0.058
2022-07-15 20:00:00,0.0604,0.0597,0.06099,0.05864
2022-07-16 00:00:00,0.0597,0.0585,0.06065,0.05674
2022-07-16 04:00:00,0.0584,0.0578,0.0587,0.055
2022-07-16 08:00:00,0.0578,0.0583,0.05869,0.05713
2022-07-16 12:00:00,0.0583,0.05833,0.05944,0.05774
2022-07-16 16:00:00,0.05832,0.0567,0.05939,0.05621
2022-07-16 20:00:00,0.0566,0.0565,0.05757,0.05531
2022-07-17 00:00:00,0.05648,0.0564,0.0573,0.05588
2022-07-17 04:00:00,0.0564,0.0572,0.0593,0.05606
2022-07-17 08:00:00,0.057,0.0576,0.0591,0.05576
2022-07-17 12:00:00,0.0576,0.0575,0.06092,0.05701
2022-07-17 16:00:00,0.05731,0.0584,0.05927,0.05708
2022-07-17 20:00:00,0.0584,0.0581,0.05887,0.05777
2022-07-18 00:00:00,0.058,0.05816,0.06092,0.05776
2022-07-18 04:00:00,0.0584,0.0587,0.06067,0.05806
2022-07-18 08:00:00,0.0588,0.0612,0.06299,0.05844
2022-07-18 12:00:00,0.06084,0.0597,0.06204,0.0594
2022-07-18 16:00:00,0.0597,0.0606,0.0611,0.0596
2022-07-18 20:00:00,0.0605,0.06061,0.061,0.06037
2022-07-19 00:00:00,0.06095,0.0608,0.06095,0.06037
2022-07-19 04:00:00,0.0608,0.0605,0.06164,0.0604
2022-07-19 08:00:00,0.0605,0.0605,0.06128,0.06037
2022-07-19 12:00:00,0.0606,0.0612,0.06478,0.0605
2022-07-19 16:00:00,0.0611,0.0643,0.0666,0.061
2022-07-19 20:00:00,0.06372,0.06358,0.0648,0.06304
2022-07-20 00:00:00,0.06372,0.0648,0.068,0.06313
2022-07-20 04:00:00,0.0643,0.06524,0.06524,0.0643
2022-07-20 08:00:00,0.0652,0.0661,0.06699,0.06458
2022-07-20 12:00:00,0.06564,0.066,0.06838,0.06549
2022-07-20 16:00:00,0.0663,0.0673,0.0703,0.0645
2022-07-20 20:00:00,0.0666,0.06655,0.06963,0.06541
2022-07-21 00:00:00,0.06696,0.06433,0.06804,0.06325
2022-07-21 04:00:00,0.06453,0.0638,0.06468,0.06134
2022-07-21 08:00:00,0.06381,0.0644,0.06674,0.06281
2022-07-21 12:00:00,0.0643,0.0649,0.06552,0.0641
2022-07-21 16:00:00,0.0651,0.0662,0.06892,0.0648
2022-07-21 20:00:00,0.0663,0.0674,0.0674,0.066
2022-07-22 00:00:00,0.0674,0.0657,0.069,0.0657
2022-07-22 04:00:00,0.0659,0.06674,0.06759,0.0657
2022-07-22 08:00:00,0.0669,0.0669,0.06799,0.0666
2022-07-22 12:00:00,0.0666,0.0642,0.06688,0.0642
2022-07-22 16:00:00,0.06468,0.0635,0.06493,0.0633
2022-07-22 20:00:00,0.0635,0.0641,0.06509,0.0632
2022-07-23 00:00:00,0.0641,0.0642,0.06493,0.064
2022-07-23 04:00:00,0.0642,0.0641,0.0645,0.06373
2022-07-23 08:00:00,0.0641,0.0646,0.0669,0.064
2022-07-23 12:00:00,0.06425,0.0642,0.0647,0.06391
2022-07-23 16:00:00,0.0642,0.0634,0.0644,0.06301
2022-07-23 20:00:00,0.0637,0.0642,0.06453,0.0634
2022-07-24 00:00:00,0.0642,0.0637,0.0652,0.0631
2022-07-24 04:00:00,0.0637,0.0641,0.0647,0.0634
2022-07-24 08:00:00,0.06391,0.065,0.0659,0.06391
2022-07-24 12:00:00,0.06581,0.06601,0.06699,0.06489
2022-07-24 16:00:00,0.06673,0.06623,0.07369,0.06559
2022-07-24 20:00:00,0.06581,0.06609,0.0667,0.06495
2022-07-25 00:00:00,0.06613,0.06269,0.06693,0.06268
2022-07-25 04:00:00,0.06373,0.0634,0.06473,0.0632
2022-07-25 08:00:00,0.0635,0.06332,0.0638,0.06291
2022-07-25 12:00:00,0.06308,0.06303,0.06326,0.06272
2022-07-25 16:00:00,0.0629,0.06222,0.06324,0.06199
2022-07-25 20:00:00,0.06237,0.06158,0.06297,0.0615
2022-07-26 00:00:00,0.06166,0.06159,0.06201,0.06133
2022-07-26 04:00:00,0.06172,0.06135,0.06176,0.06122
2022-07-26 08:00:00,0.06122,0.06016,0.06151,0.06006
2022-07-26 12:00:00,0.06019,0.05852,0.06042,0.05839
2022-07-26 16:00:00,0.05846,0.05861,0.05938,0.05812
2022-07-26 20:00:00,0.05904,0.05947,0.05948,0.05851
2022-07-27 00:00:00,0.0592,0.05979,0.061,0.05897
2022-07-27 04:00:00,0.05976,0.0601,0.06024,0.05942
2022-07-27 08:00:00,0.06007,0.06002,0.0602,0.05975
2022-07-27 12:00:00,0.05995,0.06097,0.06125,0.05987
2022-07-27 16:00:00,0.06096,0.06308,0.06308,0.06024
2022-07-27 20:00:00,0.06233,0.06399,0.064,0.06233
2022-07-28 00:00:00,0.06349,0.06301,0.06395,0.06261
2022-07-28 04:00:00,0.06303,0.06191,0.06305,0.06176
2022-07-28 08:00:00,0.06208,0.06234,0.06272,0.0618
2022-07-28 12:00:00,0.06229,0.06293,0.06364,0.06146
2022-07-28 16:00:00,0.06305,0.06329,0.06414,0.06295
2022-07-28 20:00:00,0.06329,0.06299,0.0636,0.06238
2022-07-29 00:00:00,0.06297,0.06372,0.0652,0.06279
2022-07-29 04:00:00,0.06375,0.06351,0.06384,0.06221
2022-07-29 08:00:00,0.06351,0.06385,0.06493,0.06216
2022-07-29 12:00:00,0.06388,0.06498,0.06564,0.06237
2022-07-29 16:00:00,0.06497,0.06542,0.06567,0.064
2022-07-29 20:00:00,0.06539,0.06589,0.06658,0.06482
2022-07-30 00:00:00,0.06569,0.06558,0.06634,0.06493
2022-07-30 04:00:00,0.0656,0.06422,0.06694,0.06373
2022-07-30 08:00:00,0.06422,0.06415,0.06451,0.06375
2022-07-30 12:00:00,0.06413,0.06662,0.06673,0.064
2022-07-30 16:00:00,0.06647,0.06613,0.06733,0.0661
2022-07-30 20:00:00,0.06613,0.06313,0.06659,0.06313
2022-07-31 00:00:00,0.06372,0.06353,0.06428,0.06311
2022-07-31 04:00:00,0.06366,0.065,0.06609,0.06366
2022-07-31 08:00:00,0.065,0.06435,0.06592,0.06376
2022-07-31 12:00:00,0.06447,0.06463,0.06616,0.06436
2022-07-31 16:00:00,0.0646,0.06458,0.06581,0.06353
2022-07-31 20:00:00,0.06474,0.06306,0.06499,0.06227
2022-08-01 00:00:00,0.06292,0.06314,0.0636,0.06252
2022-08-01 04:00:00,0.06313,0.06219,0.06378,0.06148
2022-08-01 08:00:00,0.06209,0.06248,0.06331,0.06193
2022-08-01 12:00:00,0.06246,0.0637,0.06374,0.06153
2022-08-01 16:00:00,0.06349,0.06184,0.06356,0.06101
2022-08-01 20:00:00,0.06202,0.06228,0.06347,0.06146
2022-08-02 00:00:00,0.0623,0.06117,0.06286,0.061
2022-08-02 04:00:00,0.061,0.06106,0.06164,0.061
2022-08-02 08:00:00,0.06106,0.06119,0.06148,0.06025
2022-08-02 12:00:00,0.06118,0.06181,0.06248,0.06094
2022-08-02 16:00:00,0.06165,0.06226,0.06266,0.06147
2022-08-02 20:00:00,0.06226,0.06228,0.06296,0.06074
2022-08-03 00:00:00,0.06234,0.06322,0.06365,0.06156
2022-08-03 04:00:00,0.06319,0.064,0.06434,0.063
2022-08-03 08:00:00,0.06433,0.06399,0.06551,0.06361
2022-08-03 12:00:00,0.0642,0.06519,0.0656,0.06402
2022-08-03 16:00:00,0.0654,0.06494,0.06762,0.064
2022-08-03 20:00:00,0.06492,0.06393,0.06499,0.06373
2022-08-04 00:00:00,0.06391,0.06516,0.06598,0.0639
2022-08-04 04:00:00,0.06526,0.06164,0.06527,0.0613
2022-08-04 08:00:00,0.06225,0.06139,0.06237,0.06139
2022-08-04 12:00:00,0.06139,0.06116,0.06257,0.06101
2022-08-04 16:00:00,0.0613,0.06238,0.06324,0.06109
2022-08-04 20:00:00,0.06216,0.06249,0.06279,0.0619
2022-08-05 00:00:00,0.06247,0.06239,0.06367,0.06196
2022-08-05 04:00:00,0.06258,0.06233,0.06379,0.06166
2022-08-05 08:00:00,0.06216,0.06389,0.06519,0.06216
2022-08-05 12:00:00,0.06394,0.06348,0.06585,0.06315
2022-08-05 16:00:00,0.06401,0.06385,0.06516,0.06282
2022-08-05 20:00:00,0.06394,0.06421,0.065,0.06293
2022-08-06 00:00:00,0.0643,0.06335,0.0647,0.06311
2022-08-06 04:00:00,0.06389,0.06437,0.06476,0.06325
2022-08-06 08:00:00,0.06377,0.06395,0.06458,0.06215
2022-08-06 12:00:00,0.06373,0.0631,0.06479,0.06254
2022-08-06 16:00:00,0.06324,0.0639,0.06468,0.06264
2022-08-06 20:00:00,0.06387,0.06293,0.06449,0.06253
2022-08-07 00:00:00,0.06291,0.06221,0.06316,0.06143
2022-08-07 04:00:00,0.06227,0.06304,0.06436,0.06214
2022-08-07 08:00:00,0.06311,0.06395,0.0653,0.06295
2022-08-07 12:00:00,0.06388,0.06596,0.06756,0.06372
2022-08-07 16:00:00,0.066,0.06648,0.06729,0.06563
2022-08-07 20:00:00,0.06679,0.06542,0.0669,0.06502
2022-08-08 00:00:00,0.06569,0.06731,0.06845,0.06502
2022-08-08 04:00:00,0.06732,0.06653,0.06732,0.06491
2022-08-08 08:00:00,0.06646,0.06749,0.06759,0.06543
2022-08-08 12:00:00,0.067,0.06654,0.06761,0.06613
2022-08-08 16:00:00,0.06646,0.0685,0.06988,0.06542
2022-08-08 20:00:00,0.06832,0.0681,0.0712,0.06751
2022-08-09 00:00:00,0.06816,0.0718,0.0798,0.06801
2022-08-09 04:00:00,0.07153,0.07309,0.07571,0.07091
2022-08-09 08:00:00,0.07339,0.06903,0.07377,0.0689
2022-08-09 12:00:00,0.06963,0.07644,0.0849,0.06963
2022-08-09 16:00:00,0.07601,0.07484,0.07721,0.07427
2022-08-09 20:00:00,0.0749,0.07699,0.07707,0.0735
2022-08-10 00:00:00,0.07692,0.07277,0.07707,0.07105
2022-08-10 04:00:00,0.07276,0.07426,0.07572,0.07123
2022-08-10 08:00:00,0.07451,0.07351,0.07567,0.0729
2022-08-10 12:00:00,0.07321,0.07945,0.0808,0.07321
2022-08-10 16:00:00,0.07946,0.07518,0.08067,0.07495
2022-08-10 20:00:00,0.07517,0.07561,0.07666,0.07503
2022-08-11 00:00:00,0.07565,0.07751,0.07957,0.07553
2022-08-11 04:00:00,0.07746,0.07746,0.07839,0.0773
2022-08-11 08:00:00,0.07744,0.07574,0.07777,0.07414
2022-08-11 12:00:00,0.07645,0.07267,0.07661,0.07267
2022-08-11 16:00:00,0.0733,0.07426,0.07537,0.07221
2022-08-11 20:00:00,0.07437,0.07308,0.07452,0.0725
2022-08-12 00:00:00,0.07312,0.07356,0.0744,0.07257
2022-08-12 04:00:00,0.07346,0.07398,0.07418,0.07246
2022-08-12 08:00:00,0.07401,0.07404,0.07592,0.07333
2022-08-12 12:00:00,0.07409,0.0765,0.07736,0.07335
2022-08-12 16:00:00,0.07648,0.07732,0.07799,0.07508
2022-08-12 20:00:00,0.0774,0.07698,0.07799,0.07531
2022-08-13 00:00:00,0.07706,0.07764,0.07871,0.07591
2022-08-13 04:00:00,0.0773,0.0773,0.07847,0.0766
2022-08-13 08:00:00,0.0772,0.07744,0.0776,0.0756
2022-08-13 12:00:00,0.07735,0.07891,0.08306,0.07727
2022-08-13 16:00:00,0.07921,0.07921,0.08311,0.07794
2022-08-13 20:00:00,0.07922,0.08077,0.08122,0.0786
2022-08-14 00:00:00,0.08082,0.08207,0.0831,0.07957
2022-08-14 04:00:00,0.08221,0.08188,0.08433,0.08111
2022-08-14 08:00:00,0.08187,0.082,0.08488,0.08103
2022-08-14 12:00:00,0.08196,0.08135,0.08341,0.08067
2022-08-14 16:00:00,0.08154,0.07972,0.0817,0.07887
2022-08-14 20:00:00,0.08014,0.07829,0.08051,0.0778
2022-08-15 00:00:00,0.07851,0.08036,0.08172,0.07813
2022-08-15 04:00:00,0.08023,0.07877,0.08152,0.07826
2022-08-15 08:00:00,0.0787,0.07903,0.08122,0.07768
2022-08-15 12:00:00,0.07912,0.07826,0.0805,0.07789
2022-08-15 16:00:00,0.07836,0.07776,0.0805,0.07762
2022-08-15 20:00:00,0.07772,0.07649,0.07777,0.07526
2022-08-16 00:00:00,0.07655,0.08023,0.0825,0.07592
2022-08-16 04:00:00,0.0801,0.07917,0.08284,0.07873
2022-08-16 08:00:00,0.07948,0.08026,0.08035,0.07898
2022-08-16 12:00:00,0.08027,0.07841,0.0823,0.078
2022-08-16 16:00:00,0.07843,0.07518,0.07873,0.07392
2022-08-16 20:00:00,0.07572,0.07302,0.07653,0.0726
2022-08-17 00:00:00,0.07303,0.07177,0.07317,0.07077
2022-08-17 04:00:00,0.07178,0.07188,0.07445,0.07111
2022-08-17 08:00:00,0.0717,0.07184,0.07304,0.07167
2022-08-17 12:00:00,0.07179,0.06971,0.0727,0.06883
2022-08-17 16:00:00,0.06969,0.06977,0.07117,0.06885
2022-08-17 20:00:00,0.06991,0.06822,0.0701,0.06808
2022-08-18 00:00:00,0.06821,0.06825,0.0688,0.0673
2022-08-18 04:00:00,0.06857,0.06755,0.06857,0.06637
2022-08-18 08:00:00,0.06782,0.06715,0.06829,0.06628
2022-08-18 12:00:00,0.06693,0.06719,0.06772,0.0659
2022-08-18 16:00:00,0.06676,0.06542,0.0671,0.06507
2022-08-18 20:00:00,0.06562,0.06382,0.0662,0.06357
2022-08-19 00:00:00,0.0636,0.06092,0.06401,0.06052
2022-08-19 04:00:00,0.0611,0.06035,0.06307,0.06
2022-08-19 08:00:00,0.06034,0.06204,0.06577,0.05791
2022-08-19 12:00:00,0.06208,0.06174,0.06287,0.06131
2022-08-19 16:00:00,0.06171,0.06197,0.06288,0.06166
2022-08-19 20:00:00,0.062,0.0613,0.06234,0.0602
2022-08-20 00:00:00,0.06129,0.06299,0.064,0.06062
2022-08-20 04:00:00,0.06282,0.0694,0.075,0.06169
2022-08-20 08:00:00,0.0695,0.06753,0.072,0.0656
2022-08-20 12:00:00,0.06746,0.07083,0.07194,0.0664
2022-08-20 16:00:00,0.07129,0.07368,0.075,0.06881
2022-08-20 20:00:00,0.07368,0.0768,0.08172,0.07278
2022-08-21 00:00:00,0.07592,0.07752,0.07846,0.07586
2022-08-21 04:00:00,0.07795,0.07737,0.07957,0.07631
2022-08-21 08:00:00,0.0776,0.08071,0.08199,0.0776
2022-08-21 12:00:00,0.0807,0.08179,0.08449,0.07833
2022-08-21 16:00:00,0.08179,0.08649,0.0975,0.08142
2022-08-21 20:00:00,0.08709,0.08146,0.08999,0.08085
2022-08-22 00:00:00,0.08107,0.07564,0.0822,0.07453
2022-08-22 04:00:00,0.07567,0.07385,0.07567,0.07275
2022-08-22 08:00:00,0.07386,0.07381,0.07442,0.07295
2022-08-22 12:00:00,0.0739,0.07336,0.074,0.07288
2022-08-22 16:00:00,0.07399,0.07318,0.07408,0.07318
2022-08-22 20:00:00,0.0737,0.07693,0.07785,0.07263
2022-08-23 00:00:00,0.07693,0.07737,0.07831,0.07627
2022-08-23 04:00:00,0.07737,0.07696,0.079,0.07505
2022-08-23 08:00:00,0.07633,0.07521,0.07927,0.07504
2022-08-23 12:00:00,0.0761,0.07561,0.07682,0.0736
2022-08-23 16:00:00,0.07486,0.07494,0.07615,0.07486
2022-08-23 20:00:00,0.0757,0.07517,0.07591,0.07415
2022-08-24 00:00:00,0.07572,0.07688,0.07743,0.07518
2022-08-24 04:00:00,0.07685,0.07571,0.07685,0.07464
2022-08-24 08:00:00,0.07571,0.07521,0.07572,0.07462
2022-08-24 12:00:00,0.07536,0.07496,0.07566,0.07363
2022-08-24 16:00:00,0.07486,0.07473,0.07572,0.07408
2022-08-24 20:00:00,0.07466,0.07386,0.07492,0.0732
2022-08-25 00:00:00,0.07378,0.07363,0.0744,0.07265
2022-08-25 04:00:00,0.07385,0.07475,0.07504,0.07308
2022-08-25 08:00:00,0.07466,0.07522,0.07565,0.07419
2022-08-25 12:00:00,0.0754,0.07388,0.07553,0.07334
2022-08-25 16:00:00,0.07366,0.07349,0.07459,0.0729
2022-08-25 20:00:00,0.07371,0.07493,0.07565,0.07333
2022-08-26 00:00:00,0.07474,0.0743,0.07511,0.07423
2022-08-26 04:00:00,0.07429,0.07292,0.07439,0.07194
2022-08-26 08:00:00,0.07285,0.07197,0.07429,0.07121
2022-08-26 12:00:00,0.07193,0.07197,0.07362,0.07125
2022-08-26 16:00:00,0.07205,0.07036,0.07335,0.06942
2022-08-26 20:00:00,0.07015,0.06995,0.07057,0.06939
2022-08-27 00:00:00,0.07001,0.0712,0.07232,0.06988
2022-08-27 04:00:00,0.07118,0.06949,0.07118,0.06873
2022-08-27 08:00:00,0.06957,0.06943,0.06978,0.06929
2022-08-27 12:00:00,0.06952,0.06901,0.0697,0.06871
2022-08-27 16:00:00,0.06898,0.06787,0.06923,0.0673
2022-08-27 20:00:00,0.06794,0.06806,0.06879,0.06719
2022-08-28 00:00:00,0.068,0.068,0.06821,0.06793
2022-08-28 04:00:00,0.06809,0.0681,0.06821,0.06793
2022-08-28 08:00:00,0.06819,0.06916,0.07019,0.06801
2022-08-28 12:00:00,0.06915,0.07024,0.07229,0.06825
2022-08-28 16:00:00,0.0703,0.0699,0.07082,0.06958
2022-08-28 20:00:00,0.07008,0.06979,0.07032,0.06958
2022-08-29 00:00:00,0.06976,0.06936,0.07019,0.06855
2022-08-29 04:00:00,0.06944,0.06915,0.06984,0.06878
2022-08-29 08:00:00,0.06924,0.06839,0.06937,0.0675
2022-08-29 12:00:00,0.06837,0.07519,0.0758,0.06768
2022-08-29 16:00:00,0.07472,0.07273,0.07619,0.07205
2022-08-29 20:00:00,0.07255,0.07428,0.07691,0.07255
2022-08-30 00:00:00,0.07401,0.07397,0.07691,0.07373
2022-08-30 04:00:00,0.07385,0.07361,0.0741,0.0727
2022-08-30 08:00:00,0.0738,0.07309,0.07605,0.07221
2022-08-30 12:00:00,0.0731,0.08034,0.0809,0.07145
2022-08-30 16:00:00,0.08011,0.07439,0.08078,0.0726
2022-08-30 20:00:00,0.07446,0.07434,0.07513,0.074
2022-08-31 00:00:00,0.07417,0.07348,0.07501,0.07181
2022-08-31 04:00:00,0.07342,0.07244,0.074,0.07167
2022-08-31 08:00:00,0.07242,0.07149,0.0726,0.07
2022-08-31 12:00:00,0.07137,0.07075,0.0715,0.07036
2022-08-31 16:00:00,0.07074,0.06943,0.07109,0.06914
2022-08-31 20:00:00,0.06935,0.06755,0.06964,0.06753
2022-09-01 00:00:00,0.06753,0.06759,0.06759,0.0661
2022-09-01 04:00:00,0.06717,0.0673,0.06999,0.0663
2022-09-01 08:00:00,0.06751,0.06705,0.06778,0.06613
2022-09-01 12:00:00,0.06699,0.06512,0.06724,0.0637
2022-09-01 16:00:00,0.06527,0.06389,0.0671,0.06335
2022-09-01 20:00:00,0.06387,0.06426,0.06606,0.06337
2022-09-02 00:00:00,0.06425,0.06507,0.06561,0.06359
2022-09-02 04:00:00,0.06509,0.06529,0.06595,0.06468
2022-09-02 08:00:00,0.06525,0.06536,0.06621,0.06499
2022-09-02 12:00:00,0.06538,0.06597,0.06689,0.06504
2022-09-02 16:00:00,0.06597,0.065,0.06601,0.065
2022-09-02 20:00:00,0.065,0.06464,0.065,0.06441
2022-09-03 00:00:00,0.06473,0.06425,0.06473,0.0637
2022-09-03 04:00:00,0.06391,0.06195,0.06423,0.0618
2022-09-03 08:00:00,0.06193,0.06196,0.06305,0.06184
2022-09-03 12:00:00,0.06198,0.06184,0.06225,0.061
2022-09-03 16:00:00,0.06193,0.06098,0.06205,0.06095
2022-09-03 20:00:00,0.06099,0.06133,0.062,0.06051
2022-09-04 00:00:00,0.0612,0.06121,0.0618,0.06114
2022-09-04 04:00:00,0.0612,0.06125,0.0617,0.06033
2022-09-04 08:00:00,0.06109,0.06196,0.06226,0.06091
2022-09-04 12:00:00,0.06187,0.06162,0.0621,0.06144
2022-09-04 16:00:00,0.06182,0.06111,0.06182,0.06085
2022-09-04 20:00:00,0.0612,0.06093,0.06144,0.0608
2022-09-05 00:00:00,0.06107,0.06134,0.06224,0.06103
2022-09-05 04:00:00,0.06134,0.06131,0.06226,0.0608
2022-09-05 08:00:00,0.06128,0.06103,0.06164,0.0608
2022-09-05 12:00:00,0.06099,0.06113,0.0614,0.0608
2022-09-05 16:00:00,0.06103,0.06059,0.06193,0.06005
2022-09-05 20:00:00,0.06073,0.06404,0.06437,0.06039
2022-09-06 00:00:00,0.06422,0.06487,0.06929,0.0638
2022-09-06 04:00:00,0.06487,0.06487,0.065,0.06407
2022-09-06 08:00:00,0.06477,0.06469,0.06491,0.06445
2022-09-06 12:00:00,0.06464,0.0641,0.06531,0.06307
2022-09-06 16:00:00,0.06424,0.0621,0.06425,0.061
2022-09-06 20:00:00,0.06201,0.06031,0.06218,0.059
2022-09-07 00:00:00,0.06041,0.05954,0.06057,0.059
2022-09-07 04:00:00,0.05967,0.05948,0.05983,0.05907
2022-09-07 08:00:00,0.05932,0.05848,0.0595,0.05751
2022-09-07 12:00:00,0.05854,0.06015,0.06246,0.05748
2022-09-07 16:00:00,0.06034,0.06131,0.06309,0.05985
2022-09-07 20:00:00,0.0613,0.06245,0.06536,0.06073
2022-09-08 00:00:00,0.06254,0.06242,0.06269,0.06197
2022-09-08 04:00:00,0.06246,0.06231,0.06373,0.06194
2022-09-08 08:00:00,0.06242,0.06237,0.06254,0.06214
2022-09-08 12:00:00,0.0625,0.06279,0.06356,0.06166
2022-09-08 16:00:00,0.06277,0.06235,0.06289,0.0614
2022-09-08 20:00:00,0.06244,0.06169,0.06259,0.06091
2022-09-09 00:00:00,0.06175,0.06134,0.06238,0.06064
2022-09-09 04:00:00,0.06123,0.06301,0.0645,0.06108
2022-09-09 08:00:00,0.06303,0.0629,0.06501,0.0625
2022-09-09 12:00:00,0.06301,0.08,0.08,0.0629
2022-09-09 16:00:00,0.08,0.07494,0.081,0.07274
2022-09-09 20:00:00,0.07474,0.08,0.08099,0.07355
2022-09-10 00:00:00,0.08,0.08016,0.081,0.07605
2022-09-10 04:00:00,0.07993,0.09384,0.096,0.079
2022-09-10 08:00:00,0.09368,0.09636,0.09699,0.08516
2022-09-10 12:00:00,0.09599,0.108,0.15436,0.092
2022-09-10 16:00:00,0.10779,0.12217,0.14,0.102
2022-09-10 20:00:00,0.12268,0.11724,0.147,0.11432
2022-09-11 00:00:00,0.11651,0.11101,0.11886,0.10641
2022-09-11 04:00:00,0.11128,0.1028,0.11543,0.10152
2022-09-11 08:00:00,0.10259,0.1153,0.11871,0.1
2022-09-11 12:00:00,0.1153,0.11499,0.11842,0.106
2022-09-11 16:00:00,0.114,0.11511,0.1193,0.11261
2022-09-11 20:00:00,0.11494,0.12364,0.1251,0.11236
2022-09-12 00:00:00,0.12386,0.11914,0.12749,0.11913
2022-09-12 04:00:00,0.11914,0.1142,0.11991,0.1094
2022-09-12 08:00:00,0.11365,0.11438,0.11843,0.10826
2022-09-12 12:00:00,0.11398,0.10955,0.11549,0.1072
2022-09-12 16:00:00,0.109,0.10951,0.11238,0.10747
2022-09-12 20:00:00,0.1096,0.10574,0.1096,0.1048
2022-09-13 00:00:00,0.10591,0.10567,0.10714,0.1048
2022-09-13 04:00:00,0.10574,0.10724,0.10859,0.1052
2022-09-13 08:00:00,0.10744,0.10614,0.10859,0.1048
2022-09-13 12:00:00,0.1064,0.09269,0.1071,0.08497
2022-09-13 16:00:00,0.09233,0.09083,0.09428,0.08649
2022-09-13 20:00:00,0.09028,0.09428,0.0964,0.09028
2022-09-14 00:00:00,0.09411,0.09967,0.10283,0.09393
2022-09-14 04:00:00,0.09954,0.09849,0.10149,0.09814
2022-09-14 08:00:00,0.09849,0.09743,0.10048,0.09681
2022-09-14 12:00:00,0.09793,0.09631,0.09793,0.09491
2022-09-14 16:00:00,0.0963,0.0949,0.0965,0.09236
2022-09-14 20:00:00,0.09508,0.09564,0.09798,0.09353
2022-09-15 00:00:00,0.09555,0.09688,0.10187,0.09528
2022-09-15 04:00:00,0.09682,0.09767,0.10034,0.09441
2022-09-15 08:00:00,0.09785,0.10789,0.10959,0.09707
2022-09-15 12:00:00,0.10771,0.11723,0.11732,0.10656
2022-09-15 16:00:00,0.11723,0.11994,0.12646,0.11293
2022-09-15 20:00:00,0.11978,0.11966,0.13213,0.11825
2022-09-16 00:00:00,0.11989,0.1255,0.12942,0.11926
2022-09-16 04:00:00,0.12579,0.142,0.15,0.12543
2022-09-16 08:00:00,0.142,0.14469,0.15369,0.12583
2022-09-16 12:00:00,0.1447,0.13501,0.22527,0.13128
2022-09-16 16:00:00,0.13501,0.10443,0.13647,0.10185
2022-09-16 20:00:00,0.10376,0.11098,0.11114,0.10292
2022-09-17 00:00:00,0.11044,0.10971,0.11337,0.10781
2022-09-17 04:00:00,0.10968,0.1137,0.11477,0.10842
2022-09-17 08:00:00,0.11378,0.11605,0.11612,0.11107
2022-09-17 12:00:00,0.11595,0.11179,0.12139,0.10788
2022-09-17 16:00:00,0.11178,0.10671,0.11178,0.1063
2022-09-17 20:00:00,0.10678,0.088,0.10678,0.08628
2022-09-18 00:00:00,0.088,0.09064,0.09167,0.08367
2022-09-18 04:00:00,0.09105,0.0926,0.0926,0.09012
2022-09-18 08:00:00,0.0926,0.0879,0.09277,0.08614
2022-09-18 12:00:00,0.08783,0.08557,0.088,0.08431
2022-09-18 16:00:00,0.08557,0.08159,0.08658,0.08038
2022-09-18 20:00:00,0.08139,0.07819,0.08202,0.07677
2022-09-19 00:00:00,0.07818,0.07551,0.079,0.07323
2022-09-19 04:00:00,0.07544,0.07609,0.07747,0.07438
2022-09-19 08:00:00,0.0761,0.07511,0.07799,0.07357
2022-09-19 12:00:00,0.07507,0.07497,0.07557,0.07352
2022-09-19 16:00:00,0.07496,0.0759,0.07756,0.07334
2022-09-19 20:00:00,0.07595,0.07444,0.07799,0.07371
2022-09-20 00:00:00,0.07451,0.07343,0.07543,0.07294
2022-09-20 04:00:00,0.07316,0.07391,0.074,0.07095
2022-09-20 08:00:00,0.07392,0.07091,0.074,0.06901
2022-09-20 12:00:00,0.0709,0.07243,0.07396,0.0687
2022-09-20 16:00:00,0.07125,0.06828,0.0714,0.068
2022-09-20 20:00:00,0.0682,0.0683,0.06943,0.0678
2022-09-21 00:00:00,0.06812,0.07399,0.07399,0.0672
2022-09-21 04:00:00,0.0732,0.0749,0.08001,0.07205
2022-09-21 08:00:00,0.07476,0.07329,0.07999,0.07155
2022-09-21 12:00:00,0.07357,0.07209,0.0782,0.07156
2022-09-21 16:00:00,0.07191,0.07217,0.07334,0.07102
2022-09-21 20:00:00,0.07217,0.07044,0.07217,0.0697
2022-09-22 00:00:00,0.07031,0.06929,0.07069,0.06863
2022-09-22 04:00:00,0.06888,0.06894,0.0696,0.06806
2022-09-22 08:00:00,0.06904,0.06929,0.07032,0.06821
2022-09-22 12:00:00,0.0693,0.06831,0.07042,0.06777
2022-09-22 16:00:00,0.06863,0.07622,0.085,0.06777
2022-09-22 20:00:00,0.07622,0.07291,0.0985,0.0722
2022-09-23 00:00:00,0.07311,0.07213,0.07428,0.07213
2022-09-23 04:00:00,0.0721,0.07028,0.07372,0.07
2022-09-23 08:00:00,0.0702,0.07053,0.07072,0.06902
2022-09-23 12:00:00,0.07054,0.07025,0.0712,0.069
2022-09-23 16:00:00,0.06981,0.06946,0.07052,0.06857
2022-09-23 20:00:00,0.06944,0.06786,0.07029,0.06644
2022-09-24 00:00:00,0.06783,0.06779,0.06804,0.06665
2022-09-24 04:00:00,0.06781,0.06878,0.07069,0.06737
2022-09-24 08:00:00,0.069,0.06807,0.06972,0.0672
2022-09-24 12:00:00,0.06804,0.06806,0.0696,0.0672
2022-09-24 16:00:00,0.06809,0.06815,0.07198,0.06728
2022-09-24 20:00:00,0.06815,0.06917,0.07108,0.06815
2022-09-25 00:00:00,0.06915,0.06885,0.06953,0.06847
2022-09-25 04:00:00,0.06887,0.06865,0.06913,0.06815
2022-09-25 08:00:00,0.06873,0.06836,0.06966,0.06703
2022-09-25 12:00:00,0.06835,0.0688,0.0697,0.06721
2022-09-25 16:00:00,0.06865,0.06765,0.06934,0.06652
2022-09-25 20:00:00,0.06765,0.06731,0.06803,0.06677
2022-09-26 00:00:00,0.06731,0.06693,0.06787,0.0664
2022-09-26 04:00:00,0.06697,0.0659,0.07387,0.06588
2022-09-26 08:00:00,0.06593,0.06555,0.06757,0.06521
2022-09-26 12:00:00,0.06518,0.06468,0.06794,0.06369
2022-09-26 16:00:00,0.06456,0.06504,0.06572,0.06443
2022-09-26 20:00:00,0.06506,0.06498,0.06571,0.06483
2022-09-27 00:00:00,0.06511,0.066,0.066,0.06491
2022-09-27 04:00:00,0.066,0.06746,0.07244,0.06469
2022-09-27 08:00:00,0.06756,0.06912,0.0719,0.0673
2022-09-27 12:00:00,0.06912,0.06549,0.0709,0.06549
2022-09-27 16:00:00,0.06545,0.06461,0.06639,0.06312
2022-09-27 20:00:00,0.06403,0.06385,0.06461,0.06266
2022-09-28 00:00:00,0.06356,0.06251,0.06437,0.06247
2022-09-28 04:00:00,0.06322,0.0635,0.06405,0.06312
2022-09-28 08:00:00,0.06351,0.06219,0.06405,0.06101
2022-09-28 12:00:00,0.06223,0.06256,0.06265,0.06161
2022-09-28 16:00:00,0.06258,0.06256,0.0635,0.0612
2022-09-28 20:00:00,0.06259,0.06273,0.06329,0.06189
2022-09-29 00:00:00,0.06274,0.06268,0.06312,0.06165
2022-09-29 04:00:00,0.06273,0.06357,0.069,0.06193
2022-09-29 08:00:00,0.06344,0.0654,0.0685,0.06235
2022-09-29 12:00:00,0.06582,0.06579,0.0683,0.065
2022-09-29 16:00:00,0.06581,0.06532,0.0667,0.06506
2022-09-29 20:00:00,0.06535,0.06624,0.06675,0.06506
2022-09-30 00:00:00,0.06626,0.06659,0.068,0.06524
2022-09-30 04:00:00,0.06619,0.06596,0.067,0.0657
2022-09-30 08:00:00,0.06601,0.06474,0.06676,0.06474
2022-09-30 12:00:00,0.0652,0.06222,0.06571,0.06222
2022-09-30 16:00:00,0.06236,0.06179,0.06311,0.06081
2022-09-30 20:00:00,0.06215,0.06223,0.06225,0.06086
2022-10-01 00:00:00,0.06224,0.0611,0.06224,0.06001
2022-10-01 04:00:00,0.06067,0.0603,0.06096,0.06017
2022-10-01 08:00:00,0.06018,0.06126,0.06203,0.06002
2022-10-01 12:00:00,0.06118,0.06059,0.0619,0.06006
2022-10-01 16:00:00,0.06092,0.06071,0.06417,0.06005
2022-10-01 20:00:00,0.06115,0.06085,0.06121,0.06007
2022-10-02 00:00:00,0.0607,0.06105,0.06123,0.06064
2022-10-02 04:00:00,0.06119,0.06212,0.0633,0.06021
2022-10-02 08:00:00,0.06198,0.06182,0.06349,0.06101
2022-10-02 12:00:00,0.06184,0.06113,0.06188,0.0608
2022-10-02 16:00:00,0.06108,0.06207,0.063,0.06
2022-10-02 20:00:00,0.06207,0.06184,0.0652,0.0615
2022-10-03 00:00:00,0.06206,0.06379,0.06399,0.06153
2022-10-03 04:00:00,0.0636,0.06251,0.06399,0.06152
2022-10-03 08:00:00,0.06249,0.06455,0.0668,0.06181
2022-10-03 12:00:00,0.06462,0.06428,0.068,0.06343
2022-10-03 16:00:00,0.06429,0.0646,0.06755,0.0632
2022-10-03 20:00:00,0.06469,0.0654,0.07,0.0632
2022-10-04 00:00:00,0.06543,0.06428,0.06708,0.06428
2022-10-04 04:00:00,0.06476,0.06387,0.06532,0.0611
2022-10-04 08:00:00,0.06382,0.06389,0.0655,0.06369
2022-10-04 12:00:00,0.06389,0.06377,0.06519,0.06369
2022-10-04 16:00:00,0.06393,0.06377,0.06479,0.06369
2022-10-04 20:00:00,0.06376,0.0636,0.0645,0.06271
2022-10-05 00:00:00,0.063,0.0634,0.0641,0.06235
2022-10-05 04:00:00,0.06342,0.06289,0.06342,0.0615
2022-10-05 08:00:00,0.06236,0.06102,0.06319,0.061
2022-10-05 12:00:00,0.06102,0.069,0.071,0.061
2022-10-05 16:00:00,0.06908,0.066,0.0697,0.06522
2022-10-05 20:00:00,0.0656,0.06603,0.06678,0.065
2022-10-06 00:00:00,0.06608,0.06637,0.06715,0.06608
2022-10-06 04:00:00,0.06632,0.06442,0.06695,0.0643
2022-10-06 08:00:00,0.0644,0.06253,0.06449,0.062
2022-10-06 12:00:00,0.06268,0.06412,0.06434,0.0625
2022-10-06 16:00:00,0.06354,0.06329,0.06501,0.06286
2022-10-06 20:00:00,0.06326,0.06256,0.06372,0.06204
2022-10-07 00:00:00,0.06256,0.06378,0.0655,0.06204
2022-10-07 04:00:00,0.06375,0.06541,0.07083,0.0623
2022-10-07 08:00:00,0.0656,0.0643,0.0656,0.06384
2022-10-07 12:00:00,0.06429,0.06354,0.06431,0.0624
2022-10-07 16:00:00,0.06369,0.06427,0.06518,0.0632
2022-10-07 20:00:00,0.06424,0.06362,0.0643,0.06268
2022-10-08 00:00:00,0.06361,0.06307,0.06386,0.0625
2022-10-08 04:00:00,0.06295,0.06289,0.06359,0.06251
2022-10-08 08:00:00,0.06283,0.06354,0.06471,0.06256
2022-10-08 12:00:00,0.06355,0.06327,0.06417,0.06286
2022-10-08 16:00:00,0.06336,0.06374,0.06494,0.06327
2022-10-08 20:00:00,0.0637,0.06356,0.06469,0.06325
2022-10-09 00:00:00,0.06357,0.06289,0.06388,0.0626
2022-10-09 04:00:00,0.06289,0.06288,0.06346,0.0624
2022-10-09 08:00:00,0.06288,0.06253,0.06419,0.062
2022-10-09 12:00:00,0.06256,0.06378,0.0663,0.0625
2022-10-09 16:00:00,0.06386,0.0632,0.06553,0.06305
2022-10-09 20:00:00,0.06318,0.06314,0.06322,0.06306
2022-10-10 00:00:00,0.06314,0.06259,0.06365,0.062
2022-10-10 04:00:00,0.06239,0.06271,0.0649,0.0621
2022-10-10 08:00:00,0.06278,0.06206,0.06302,0.06202
2022-10-10 12:00:00,0.06206,0.06147,0.06302,0.0613
2022-10-10 16:00:00,0.06144,0.06131,0.064,0.0613
2022-10-10 20:00:00,0.06132,0.06194,0.06279,0.0613
2022-10-11 00:00:00,0.06198,0.06152,0.06203,0.0613
2022-10-11 04:00:00,0.06153,0.06131,0.06209,0.0613
2022-10-11 08:00:00,0.06131,0.06192,0.06206,0.0613
2022-10-11 12:00:00,0.0618,0.06086,0.06202,0.06045
2022-10-11 16:00:00,0.06088,0.0607,0.0628,0.06001
2022-10-11 20:00:00,0.0607,0.06032,0.0607,0.06009
2022-10-12 00:00:00,0.06036,0.06006,0.06164,0.06
2022-10-12 04:00:00,0.06006,0.05809,0.06007,0.05749
2022-10-12 08:00:00,0.05814,0.05865,0.05926,0.0568
2022-10-12 12:00:00,0.05861,0.05714,0.05867,0.05646
2022-10-12 16:00:00,0.05714,0.05732,0.05733,0.05681
2022-10-12 20:00:00,0.05732,0.05738,0.059,0.0573
2022-10-13 00:00:00,0.05744,0.05714,0.05769,0.05685
2022-10-13 04:00:00,0.05716,0.0572,0.05825,0.05674
2022-10-13 08:00:00,0.05719,0.05728,0.05733,0.05601
2022-10-13 12:00:00,0.05726,0.05788,0.05825,0.05636
2022-10-13 16:00:00,0.05779,0.0565,0.05897,0.056
2022-10-13 20:00:00,0.0565,0.05644,0.05708,0.0563
2022-10-14 00:00:00,0.05641,0.05724,0.0582,0.0564
2022-10-14 04:00:00,0.05725,0.05907,0.05958,0.057
2022-10-14 08:00:00,0.05907,0.05986,0.06167,0.05901
2022-10-14 12:00:00,0.06005,0.05891,0.062,0.05791
2022-10-14 16:00:00,0.05882,0.05808,0.05927,0.05778
2022-10-14 20:00:00,0.05811,0.0574,0.05835,0.057
2022-10-15 00:00:00,0.05771,0.05817,0.05888,0.05746
2022-10-15 04:00:00,0.05771,0.05756,0.05795,0.05728
2022-10-15 08:00:00,0.05762,0.05619,0.0577,0.05601
2022-10-15 12:00:00,0.05616,0.05683,0.05713,0.0561
2022-10-15 16:00:00,0.05685,0.0605,0.0614,0.0565
2022-10-15 20:00:00,0.06011,0.05904,0.06188,0.05813
2022-10-16 00:00:00,0.05901,0.05911,0.06084,0.05862
2022-10-16 04:00:00,0.05908,0.0588,0.05994,0.0586
2022-10-16 08:00:00,0.05881,0.05896,0.05954,0.05861
2022-10-16 12:00:00,0.05891,0.05805,0.05902,0.058
2022-10-16 16:00:00,0.05812,0.05934,0.05991,0.058
2022-10-16 20:00:00,0.05942,0.05984,0.06097,0.05927
2022-10-17 00:00:00,0.05978,0.05919,0.05994,0.05907
2022-10-17 04:00:00,0.05944,0.06008,0.06085,0.058
2022-10-17 08:00:00,0.06,0.05935,0.06035,0.05919
2022-10-17 12:00:00,0.05933,0.05876,0.06077,0.05801
2022-10-17 16:00:00,0.05867,0.05819,0.05917,0.058
2022-10-17 20:00:00,0.05815,0.05817,0.05837,0.058
2022-10-18 00:00:00,0.05818,0.05806,0.05837,0.058
2022-10-18 04:00:00,0.05821,0.05807,0.05847,0.058
2022-10-18 08:00:00,0.05804,0.05779,0.05817,0.0573
2022-10-18 12:00:00,0.0578,0.0571,0.05789,0.05709
2022-10-18 16:00:00,0.05727,0.05697,0.0574,0.0566
2022-10-18 20:00:00,0.05682,0.05689,0.05716,0.0566
2022-10-19 00:00:00,0.05696,0.05722,0.05758,0.05661
2022-10-19 04:00:00,0.05722,0.05676,0.05722,0.0566
2022-10-19 08:00:00,0.05698,0.05924,0.06,0.05676
2022-10-19 12:00:00,0.05924,0.05898,0.06638,0.05842
2022-10-19 16:00:00,0.05891,0.05835,0.05939,0.0566
2022-10-19 20:00:00,0.05832,0.05706,0.05832,0.05703
2022-10-20 00:00:00,0.05712,0.05702,0.05739,0.0567
2022-10-20 04:00:00,0.05717,0.05838,0.06019,0.05676
2022-10-20 08:00:00,0.05846,0.05837,0.05883,0.05811
2022-10-20 12:00:00,0.05838,0.058,0.05881,0.05743
2022-10-20 16:00:00,0.05801,0.05737,0.0582,0.05702
2022-10-20 20:00:00,0.05736,0.05745,0.05775,0.05721
2022-10-21 00:00:00,0.05743,0.05684,0.05757,0.05675
2022-10-21 04:00:00,0.05686,0.05702,0.05704,0.0567
2022-10-21 08:00:00,0.05693,0.05667,0.05718,0.0566
2022-10-21 12:00:00,0.05684,0.0558,0.05707,0.05511
2022-10-21 16:00:00,0.0558,0.05575,0.0562,0.0534
2022-10-21 20:00:00,0.05573,0.05603,0.0562,0.05531
2022-10-22 00:00:00,0.0561,0.05572,0.05619,0.0554
2022-10-22 04:00:00,0.05579,0.05652,0.05702,0.05551
2022-10-22 08:00:00,0.05651,0.0568,0.05705,0.05645
2022-10-22 12:00:00,0.05684,0.05623,0.0572,0.05589
2022-10-22 16:00:00,0.05651,0.05631,0.05686,0.0561
2022-10-22 20:00:00,0.05625,0.0562,0.05694,0.05568
2022-10-23 00:00:00,0.05567,0.05581,0.0562,0.05567
2022-10-23 04:00:00,0.05581,0.05608,0.05662,0.05581
2022-10-23 08:00:00,0.05608,0.05546,0.05621,0.05503
2022-10-23 12:00:00,0.05544,0.0561,0.0561,0.0553
2022-10-23 16:00:00,0.05611,0.05414,0.05679,0.05272
2022-10-23 20:00:00,0.05394,0.05455,0.05455,0.05311
2022-10-24 00:00:00,0.05458,0.05444,0.05468,0.05401
2022-10-24 04:00:00,0.05417,0.0545,0.05503,0.054
2022-10-24 08:00:00,0.05456,0.05392,0.05487,0.05316
2022-10-24 12:00:00,0.05396,0.05372,0.05427,0.0534
2022-10-24 16:00:00,0.0535,0.05385,0.0543,0.05316
2022-10-24 20:00:00,0.05384,0.05303,0.05423,0.05271
2022-10-25 00:00:00,0.05292,0.05317,0.05339,0.05219
2022-10-25 04:00:00,0.05321,0.05323,0.05345,0.05273
2022-10-25 08:00:00,0.05327,0.05305,0.05372,0.0527
2022-10-25 12:00:00,0.05314,0.05329,0.05403,0.0521
2022-10-25 16:00:00,0.05327,0.05374,0.05436,0.0529
2022-10-25 20:00:00,0.05365,0.05306,0.05394,0.05231
2022-10-26 00:00:00,0.05304,0.05373,0.0538,0.0526
2022-10-26 04:00:00,0.05374,0.05369,0.0538,0.053
2022-10-26 08:00:00,0.0536,0.05449,0.05539,0.05325
2022-10-26 12:00:00,0.05443,0.0553,0.0554,0.05424
2022-10-26 16:00:00,0.0553,0.05519,0.0553,0.05391
2022-10-26 20:00:00,0.0552,0.05554,0.0557,0.05466
2022-10-27 00:00:00,0.05511,0.05485,0.05511,0.05485
2022-10-27 04:00:00,0.05485,0.05522,0.05539,0.05483
2022-10-27 08:00:00,0.05524,0.05482,0.056,0.05468
2022-10-27 12:00:00,0.05501,0.05483,0.05547,0.05456
2022-10-27 16:00:00,0.05488,0.05494,0.05558,0.05423
2022-10-27 20:00:00,0.05495,0.05428,0.05502,0.05422
2022-10-28 00:00:00,0.05434,0.05394,0.05477,0.0536
2022-10-28 04:00:00,0.05399,0.05361,0.05462,0.05359
2022-10-28 08:00:00,0.05361,0.05385,0.05414,0.05359
2022-10-28 12:00:00,0.05381,0.05423,0.05522,0.05291
2022-10-28 16:00:00,0.05437,0.05422,0.05519,0.05405
2022-10-28 20:00:00,0.05417,0.05372,0.05489,0.053
2022-10-29 00:00:00,0.05372,0.05351,0.05395,0.0525
2022-10-29 04:00:00,0.05354,0.05374,0.05389,0.05348
2022-10-29 08:00:00,0.05376,0.05392,0.05446,0.05362
2022-10-29 12:00:00,0.05393,0.0541,0.055,0.05312
2022-10-29 16:00:00,0.05419,0.0541,0.055,0.05405
2022-10-29 20:00:00,0.05417,0.05384,0.0552,0.0527
2022-10-30 00:00:00,0.05328,0.0535,0.0535,0.05315
2022-10-30 04:00:00,0.05316,0.05351,0.05405,0.05299
2022-10-30 08:00:00,0.05361,0.05359,0.0543,0.05302
2022-10-30 12:00:00,0.0535,0.05366,0.054,0.05315
2022-10-30 16:00:00,0.05365,0.05383,0.05389,0.05344
2022-10-30 20:00:00,0.05385,0.05339,0.05389,0.05325
2022-10-31 00:00:00,0.05333,0.05302,0.05369,0.05233
2022-10-31 04:00:00,0.05287,0.05079,0.05361,0.0506
2022-10-31 08:00:00,0.051,0.05301,0.05433,0.0506
2022-10-31 12:00:00,0.053,0.05056,0.05359,0.0498
2022-10-31 16:00:00,0.05057,0.05139,0.05338,0.04988
2022-10-31 20:00:00,0.05142,0.05094,0.0517,0.05022
2022-11-01 00:00:00,0.05112,0.05106,0.05132,0.05023
2022-11-01 04:00:00,0.05106,0.0501,0.05153,0.0493
2022-11-01 08:00:00,0.05031,0.04987,0.0506,0.0492
2022-11-01 12:00:00,0.04985,0.04902,0.05008,0.04811
2022-11-01 16:00:00,0.04904,0.04992,0.04999,0.04824
2022-11-01 20:00:00,0.04978,0.04867,0.0499,0.04829
2022-11-02 00:00:00,0.04842,0.04813,0.04871,0.04759
2022-11-02 04:00:00,0.0481,0.04811,0.04824,0.04759
2022-11-02 08:00:00,0.04814,0.04688,0.04861,0.04684
2022-11-02 12:00:00,0.04686,0.04457,0.04748,0.0434
2022-11-02 16:00:00,0.04425,0.0435,0.04544,0.0434
2022-11-02 20:00:00,0.04366,0.04341,0.04443,0.04279
2022-11-03 00:00:00,0.04349,0.0425,0.0437,0.04119
2022-11-03 04:00:00,0.04253,0.04284,0.04313,0.04177
2022-11-03 08:00:00,0.04306,0.04251,0.0437,0.04225
2022-11-03 12:00:00,0.04241,0.0438,0.0442,0.0422
2022-11-03 16:00:00,0.04376,0.04311,0.04421,0.04285
2022-11-03 20:00:00,0.04312,0.0434,0.04399,0.04281
2022-11-04 00:00:00,0.04336,0.04368,0.04393,0.04309
2022-11-04 04:00:00,0.04371,0.04315,0.04388,0.0429
2022-11-04 08:00:00,0.04327,0.04356,0.04445,0.04309
2022-11-04 12:00:00,0.04356,0.04427,0.04474,0.04334
2022-11-04 16:00:00,0.04425,0.04405,0.04456,0.04325
2022-11-04 20:00:00,0.04411,0.04382,0.04442,0.04337
2022-11-05 00:00:00,0.04384,0.04425,0.04491,0.04362
2022-11-05 04:00:00,0.04413,0.04431,0.04463,0.0438
2022-11-05 08:00:00,0.04433,0.04437,0.04476,0.04389
2022-11-05 12:00:00,0.04437,0.04397,0.04491,0.04336
2022-11-05 16:00:00,0.04399,0.04444,0.04467,0.0438
2022-11-05 20:00:00,0.04428,0.04584,0.04645,0.0442
2022-11-06 00:00:00,0.04584,0.04544,0.04619,0.04544
2022-11-06 04:00:00,0.04543,0.04519,0.0459,0.0443
2022-11-06 08:00:00,0.04524,0.04504,0.04551,0.04491
2022-11-06 12:00:00,0.04497,0.045,0.0457,0.04491
2022-11-06 16:00:00,0.04499,0.04377,0.0454,0.04321
2022-11-06 20:00:00,0.04378,0.04278,0.04383,0.04255
2022-11-07 00:00:00,0.04278,0.04286,0.04325,0.042
2022-11-07 04:00:00,0.04285,0.04203,0.04308,0.04203
2022-11-07 08:00:00,0.04213,0.04241,0.04258,0.04132
2022-11-07 12:00:00,0.04241,0.04191,0.04241,0.04105
2022-11-07 16:00:00,0.04184,0.04178,0.04279,0.04076
2022-11-07 20:00:00,0.04178,0.04146,0.04232,0.0401
2022-11-08 00:00:00,0.04134,0.04087,0.04164,0.0403
2022-11-08 04:00:00,0.04061,0.03944,0.04073,0.03823
2022-11-08 08:00:00,0.03951,0.03942,0.04015,0.03888
2022-11-08 12:00:00,0.0392,0.03871,0.04026,0.03789
2022-11-08 16:00:00,0.03871,0.03624,0.04438,0.03608
2022-11-08 20:00:00,0.03624,0.03741,0.0379,0.03605
2022-11-09 00:00:00,0.03741,0.03753,0.03858,0.03676
2022-11-09 04:00:00,0.03743,0.03698,0.03787,0.03628
2022-11-09 08:00:00,0.03696,0.03256,0.03697,0.02992
2022-11-09 12:00:00,0.03287,0.03168,0.03287,0.03061
2022-11-09 16:00:00,0.03168,0.03067,0.03168,0.02949
2022-11-09 20:00:00,0.03052,0.02922,0.03058,0.0285
2022-11-10 00:00:00,0.02912,0.03045,0.03045,0.02848
2022-11-10 04:00:00,0.0303,0.03114,0.03172,0.0303
2022-11-10 08:00:00,0.03114,0.03039,0.03114,0.02987
2022-11-10 12:00:00,0.03039,0.03241,0.0328,0.03011
2022-11-10 16:00:00,0.03242,0.0314,0.03247,0.02942
2022-11-10 20:00:00,0.0314,0.03211,0.03335,0.0314
2022-11-11 00:00:00,0.03223,0.03117,0.03245,0.03075
2022-11-11 04:00:00,0.03116,0.03103,0.03143,0.0308
2022-11-11 08:00:00,0.03105,0.03151,0.03153,0.02967
2022-11-11 12:00:00,0.03106,0.03046,0.03115,0.03019
2022-11-11 16:00:00,0.03046,0.03,0.03046,0.03
2022-11-11 20:00:00,0.03046,0.03046,0.03046,0.02979
2022-11-12 00:00:00,0.03046,0.02997,0.03046,0.02975
2022-11-12 04:00:00,0.02966,0.02945,0.03052,0.02849
2022-11-12 08:00:00,0.02945,0.02912,0.02945,0.02849
2022-11-12 12:00:00,0.02914,0.02845,0.02914,0.02821
2022-11-12 16:00:00,0.02845,0.02818,0.02874,0.02816
2022-11-12 20:00:00,0.02818,0.02903,0.02903,0.02817
2022-11-13 00:00:00,0.0285,0.0284,0.0285,0.0284
2022-11-13 04:00:00,0.0284,0.029,0.029,0.0281
2022-11-13 08:00:00,0.02878,0.02843,0.02878,0.0284
2022-11-13 12:00:00,0.02874,0.02833,0.02915,0.02831
2022-11-13 16:00:00,0.02833,0.02845,0.02881,0.02803
2022-11-13 20:00:00,0.02842,0.02791,0.02857,0.02729
2022-11-14 00:00:00,0.02791,0.02752,0.02807,0.02748
2022-11-14 04:00:00,0.02752,0.02762,0.02865,0.02707
2022-11-14 08:00:00,0.0278,0.02794,0.02909,0.02714
2022-11-14 12:00:00,0.0283,0.02745,0.02847,0.02734
2022-11-14 16:00:00,0.02732,0.02713,0.02732,0.027
2022-11-14 20:00:00,0.027,0.02704,0.02704,0.02593
2022-11-15 00:00:00,0.02704,0.02672,0.02711,0.02653
2022-11-15 04:00:00,0.02672,0.02868,0.02868,0.02672
2022-11-15 08:00:00,0.0282,0.02732,0.0288,0.02653
2022-11-15 12:00:00,0.02732,0.0275,0.0275,0.02649
2022-11-15 16:00:00,0.02751,0.02722,0.02751,0.02657
2022-11-15 20:00:00,0.02684,0.027,0.02709,0.02654
2022-11-16 00:00:00,0.02691,0.02708,0.02708,0.02656
2022-11-16 04:00:00,0.02711,0.02654,0.02724,0.02654
2022-11-16 08:00:00,0.02654,0.02677,0.02688,0.02591
2022-11-16 12:00:00,0.02655,0.02632,0.0267,0.02632
2022-11-16 16:00:00,0.02633,0.02537,0.02649,0.0253
2022-11-16 20:00:00,0.02565,0.02487,0.02654,0.02463
2022-11-17 00:00:00,0.02488,0.02486,0.0253,0.02431
2022-11-17 04:00:00,0.02492,0.02509,0.02524,0.0245
2022-11-17 08:00:00,0.02509,0.02493,0.0256,0.02446
2022-11-17 12:00:00,0.02494,0.02492,0.02494,0.02401
2022-11-17 16:00:00,0.02494,0.02488,0.02502,0.02426
2022-11-17 20:00:00,0.02488,0.02478,0.02488,0.02401
2022-11-18 00:00:00,0.02478,0.02497,0.02517,0.0242
2022-11-18 04:00:00,0.02453,0.02479,0.0248,0.02425
2022-11-18 08:00:00,0.02479,0.0245,0.02559,0.024
2022-11-18 12:00:00,0.02463,0.02428,0.0248,0.0241
2022-11-18 16:00:00,0.02427,0.02443,0.02544,0.02412
2022-11-18 20:00:00,0.02445,0.02454,0.02531,0.02413
2022-11-19 00:00:00,0.02456,0.0252,0.0283,0.0245
2022-11-19 04:00:00,0.02514,0.02533,0.02572,0.02481
2022-11-19 08:00:00,0.02518,0.02555,0.02625,0.0251
2022-11-19 12:00:00,0.02555,0.02517,0.02619,0.02517
2022-11-19 16:00:00,0.02536,0.02527,0.02582,0.02461
2022-11-19 20:00:00,0.02533,0.02531,0.02546,0.02515
2022-11-20 00:00:00,0.02531,0.02538,0.02551,0.0251
2022-11-20 04:00:00,0.0254,0.02543,0.02551,0.02532
2022-11-20 08:00:00,0.02544,0.02523,0.0259,0.02522
2022-11-20 12:00:00,0.02523,0.02529,0.02551,0.02522
2022-11-20 16:00:00,0.02532,0.02542,0.0256,0.02511
2022-11-20 20:00:00,0.02542,0.02499,0.02551,0.02489
2022-11-21 00:00:00,0.02506,0.02402,0.02506,0.0237
2022-11-21 04:00:00,0.02402,0.02425,0.0247,0.02399
2022-11-21 08:00:00,0.02415,0.02408,0.02434,0.02352
2022-11-21 12:00:00,0.02402,0.02393,0.02427,0.02315
2022-11-21 16:00:00,0.02384,0.02294,0.02399,0.02252
2022-11-21 20:00:00,0.0229,0.0227,0.02337,0.0226
2022-11-22 00:00:00,0.02266,0.02272,0.02308,0.0226
2022-11-22 04:00:00,0.02286,0.02305,0.02348,0.0226
2022-11-22 08:00:00,0.02302,0.0229,0.02307,0.02283
2022-11-22 12:00:00,0.02291,0.02298,0.02307,0.02279
2022-11-22 16:00:00,0.02297,0.02273,0.02307,0.02272
2022-11-22 20:00:00,0.02292,0.02298,0.02306,0.02274
2022-11-23 00:00:00,0.02298,0.0231,0.02321,0.02295
2022-11-23 04:00:00,0.02311,0.02324,0.02339,0.02299
2022-11-23 08:00:00,0.02315,0.02451,0.02453,0.02315
2022-11-23 12:00:00,0.02453,0.02445,0.02511,0.02415
2022-11-23 16:00:00,0.02447,0.02444,0.02453,0.02421
2022-11-23 20:00:00,0.02444,0.02424,0.02452,0.02414
2022-11-24 00:00:00,0.02438,0.02468,0.02483,0.02402
2022-11-24 04:00:00,0.02477,0.02455,0.02483,0.02431
2022-11-24 08:00:00,0.02452,0.02471,0.0248,0.0245
2022-11-24 12:00:00,0.02474,0.02568,0.02625,0.02453
2022-11-24 16:00:00,0.02569,0.02515,0.02607,0.02501
2022-11-24 20:00:00,0.02515,0.02447,0.02523,0.02405
2022-11-25 00:00:00,0.0245,0.02443,0.02457,0.02431
2022-11-25 04:00:00,0.02449,0.0237,0.0246,0.02299
2022-11-25 08:00:00,0.02371,0.02415,0.02441,0.02314
2022-11-25 12:00:00,0.02412,0.02411,0.0243,0.02379
2022-11-25 16:00:00,0.02416,0.02486,0.02536,0.024
2022-11-25 20:00:00,0.02485,0.0244,0.02487,0.02431
2022-11-26 00:00:00,0.02458,0.02483,0.02533,0.02431
2022-11-26 04:00:00,0.02491,0.02515,0.02537,0.02454
2022-11-26 08:00:00,0.02505,0.02455,0.0258,0.02447
2022-11-26 12:00:00,0.02481,0.02328,0.02509,0.02302
2022-11-26 16:00:00,0.02329,0.02325,0.02362,0.023
2022-11-26 20:00:00,0.02324,0.02323,0.02367,0.02301
2022-11-27 00:00:00,0.02322,0.02314,0.02357,0.023
2022-11-27 04:00:00,0.02318,0.02321,0.02339,0.023
2022-11-27 08:00:00,0.0232,0.02312,0.02346,0.023
2022-11-27 12:00:00,0.02314,0.02335,0.02347,0.02308
2022-11-27 16:00:00,0.02329,0.02314,0.02359,0.023
2022-11-27 20:00:00,0.0232,0.02308,0.02367,0.023
2022-11-28 00:00:00,0.0231,0.02305,0.0233,0.023
2022-11-28 04:00:00,0.02303,0.02268,0.0233,0.02201
2022-11-28 08:00:00,0.02268,0.02235,0.02296,0.02214
2022-11-28 12:00:00,0.02242,0.02193,0.0227,0.02161
2022-11-28 16:00:00,0.0219,0.02185,0.02223,0.02144
2022-11-28 20:00:00,0.02184,0.02187,0.02196,0.02181
2022-11-29 00:00:00,0.02186,0.02191,0.02198,0.02136
2022-11-29 04:00:00,0.02198,0.02261,0.02267,0.02139
2022-11-29 08:00:00,0.02259,0.02205,0.02279,0.02191
2022-11-29 12:00:00,0.02206,0.02223,0.02231,0.02186
2022-11-29 16:00:00,0.02215,0.02239,0.0227,0.02207
2022-11-29 20:00:00,0.02226,0.02223,0.02249,0.02183
2022-11-30 00:00:00,0.02223,0.02239,0.0232,0.02209
2022-11-30 04:00:00,0.02239,0.02255,0.02257,0.0222
2022-11-30 08:00:00,0.02233,0.02225,0.02254,0.02202
2022-11-30 12:00:00,0.02223,0.02216,0.02261,0.02181
2022-11-30 16:00:00,0.02224,0.02218,0.02249,0.0221
2022-11-30 20:00:00,0.0223,0.02277,0.02297,0.02204
2022-12-01 00:00:00,0.02283,0.02337,0.02511,0.02263
2022-12-01 04:00:00,0.02348,0.02333,0.02396,0.02304
2022-12-01 08:00:00,0.02332,0.0237,0.02391,0.02322
2022-12-01 12:00:00,0.0237,0.02257,0.02431,0.02212
2022-12-01 16:00:00,0.02257,0.02242,0.02261,0.02211
2022-12-01 20:00:00,0.02231,0.0224,0.0227,0.02216
2022-12-02 00:00:00,0.02236,0.02185,0.02245,0.02152
2022-12-02 04:00:00,0.02188,0.02152,0.02203,0.02119
2022-12-02 08:00:00,0.02154,0.02144,0.02171,0.02121
2022-12-02 12:00:00,0.02145,0.02158,0.02171,0.02123
2022-12-02 16:00:00,0.02158,0.02155,0.02163,0.02131
2022-12-02 20:00:00,0.02156,0.02156,0.02184,0.02129
2022-12-03 00:00:00,0.02153,0.02152,0.02164,0.02146
2022-12-03 04:00:00,0.02149,0.02147,0.02154,0.02145
2022-12-03 08:00:00,0.02146,0.02128,0.02152,0.021
2022-12-03 12:00:00,0.02128,0.02124,0.02153,0.02099
2022-12-03 16:00:00,0.0213,0.02116,0.02137,0.021
2022-12-03 20:00:00,0.02122,0.02112,0.02147,0.02106
2022-12-04 00:00:00,0.02121,0.02105,0.02139,0.02093
2022-12-04 04:00:00,0.02106,0.0216,0.02191,0.02101
2022-12-04 08:00:00,0.0216,0.0212,0.02161,0.02114
2022-12-04 12:00:00,0.02121,0.02137,0.02147,0.02118
2022-12-04 16:00:00,0.02131,0.02122,0.0215,0.02118
2022-12-04 20:00:00,0.02123,0.02089,0.02142,0.02081
2022-12-05 00:00:00,0.02096,0.02113,0.02139,0.02086
2022-12-05 04:00:00,0.02113,0.02117,0.02157,0.02107
2022-12-05 08:00:00,0.02116,0.02107,0.02151,0.02093
2022-12-05 12:00:00,0.02116,0.02097,0.02116,0.02093
2022-12-05 16:00:00,0.02096,0.02014,0.02109,0.01988
2022-12-05 20:00:00,0.02009,0.02036,0.02068,0.01976
2022-12-06 00:00:00,0.02025,0.02044,0.02064,0.0202
2022-12-06 04:00:00,0.02044,0.02048,0.02058,0.02043
2022-12-06 08:00:00,0.02055,0.02005,0.0206,0.01972
2022-12-06 12:00:00,0.02015,0.02,0.02029,0.0199
2022-12-06 16:00:00,0.02004,0.01984,0.02028,0.01955
2022-12-06 20:00:00,0.01984,0.01937,0.01987,0.01933
2022-12-07 00:00:00,0.01936,0.02065,0.02491,0.01923
2022-12-07 04:00:00,0.02073,0.0203,0.02132,0.01982
2022-12-07 08:00:00,0.0203,0.02074,0.02081,0.02027
2022-12-07 12:00:00,0.02067,0.02065,0.02102,0.0204
2022-12-07 16:00:00,0.02063,0.02061,0.02072,0.02044
2022-12-07 20:00:00,0.0206,0.02054,0.0211,0.02003
2022-12-08 00:00:00,0.02045,0.02019,0.0207,0.01983
2022-12-08 04:00:00,0.02026,0.01981,0.02049,0.01972
2022-12-08 08:00:00,0.01979,0.01978,0.02026,0.01965
2022-12-08 12:00:00,0.01978,0.0197,0.01993,0.01965
2022-12-08 16:00:00,0.01969,0.01988,0.01994,0.0195
2022-12-08 20:00:00,0.01988,0.01988,0.01994,0.01957
2022-12-09 00:00:00,0.0199,0.01971,0.01994,0.01957
2022-12-09 04:00:00,0.01982,0.01989,0.01994,0.01968
2022-12-09 08:00:00,0.01984,0.01986,0.02005,0.01964
2022-12-09 12:00:00,0.01989,0.01967,0.01997,0.01957
2022-12-09 16:00:00,0.01964,0.01975,0.01979,0.01931
2022-12-09 20:00:00,0.01967,0.01986,0.02053,0.01942
2022-12-10 00:00:00,0.01985,0.01987,0.01994,0.01982
2022-12-10 04:00:00,0.0199,0.01981,0.0202,0.01963
2022-12-10 08:00:00,0.01987,0.01989,0.01996,0.01981
2022-12-10 12:00:00,0.01988,0.01924,0.01991,0.0191
2022-12-10 16:00:00,0.01925,0.01917,0.01927,0.0191
2022-12-10 20:00:00,0.01911,0.01917,0.01922,0.01911
2022-12-11 00:00:00,0.01916,0.01906,0.01921,0.019
2022-12-11 04:00:00,0.01906,0.01915,0.01958,0.01899
2022-12-11 08:00:00,0.01915,0.01908,0.01921,0.01907
2022-12-11 12:00:00,0.01909,0.01901,0.01921,0.01885
2022-12-11 16:00:00,0.01895,0.01905,0.01912,0.01866
2022-12-11 20:00:00,0.01909,0.01864,0.01912,0.01861
2022-12-12 00:00:00,0.01869,0.01873,0.0191,0.01852
2022-12-12 04:00:00,0.01873,0.01854,0.01883,0.01843
2022-12-12 08:00:00,0.01854,0.01862,0.01873,0.01845
2022-12-12 12:00:00,0.01858,0.01884,0.01912,0.01815
2022-12-12 16:00:00,0.01883,0.02015,0.02048,0.01855
2022-12-12 20:00:00,0.02,0.02078,0.026,0.01963
2022-12-13 00:00:00,0.02078,0.02128,0.02287,0.0207
2022-12-13 04:00:00,0.02133,0.02072,0.02158,0.02025
2022-12-13 08:00:00,0.02064,0.01993,0.02072,0.01937
2022-12-13 12:00:00,0.01989,0.01978,0.02007,0.01914
2022-12-13 16:00:00,0.01961,0.01921,0.01974,0.01914
2022-12-13 20:00:00,0.01922,0.01936,0.01961,0.01913
2022-12-14 00:00:00,0.01943,0.01944,0.01968,0.01913
2022-12-14 04:00:00,0.01945,0.0194,0.01967,0.01923
2022-12-14 08:00:00,0.01935,0.01896,0.01935,0.01861
2022-12-14 12:00:00,0.01891,0.01868,0.01923,0.01856
2022-12-14 16:00:00,0.01868,0.01796,0.01889,0.0176
2022-12-14 20:00:00,0.01794,0.01739,0.01821,0.01678
2022-12-15 00:00:00,0.01737,0.01754,0.01767,0.01696
2022-12-15 04:00:00,0.01751,0.01753,0.01768,0.01716
2022-12-15 08:00:00,0.01758,0.0176,0.01788,0.01709
2022-12-15 12:00:00,0.01758,0.01765,0.01767,0.01756
2022-12-15 16:00:00,0.01763,0.01737,0.01775,0.01724
2022-12-15 20:00:00,0.01737,0.01718,0.01738,0.01712
2022-12-16 00:00:00,0.01718,0.01717,0.01724,0.01713
2022-12-16 04:00:00,0.01715,0.0173,0.01731,0.01712
2022-12-16 08:00:00,0.01725,0.01745,0.01755,0.01722
2022-12-16 12:00:00,0.01744,0.01747,0.01759,0.01742
2022-12-16 16:00:00,0.01747,0.01747,0.01752,0.01739
2022-12-16 20:00:00,0.01745,0.01788,0.01794,0.01743
2022-12-17 00:00:00,0.01785,0.01762,0.01794,0.01759
2022-12-17 04:00:00,0.01761,0.01773,0.01773,0.0176
2022-12-17 08:00:00,0.01769,0.01768,0.01773,0.01762
2022-12-17 12:00:00,0.01768,0.01674,0.01779,0.01654
2022-12-17 16:00:00,0.01668,0.01649,0.01672,0.0164
2022-12-17 20:00:00,0.0165,0.01655,0.01659,0.01641
2022-12-18 00:00:00,0.01655,0.01669,0.01675,0.01653
2022-12-18 04:00:00,0.01669,0.01676,0.01678,0.01664
2022-12-18 08:00:00,0.01675,0.01676,0.0168,0.0167
2022-12-18 12:00:00,0.01676,0.01673,0.01679,0.01664
2022-12-18 16:00:00,0.01673,0.01673,0.01679,0.01665
2022-12-18 20:00:00,0.01675,0.01666,0.01679,0.01664
2022-12-19 00:00:00,0.01665,0.0168,0.017,0.01664
2022-12-19 04:00:00,0.01681,0.01682,0.01691,0.01674
2022-12-19 08:00:00,0.01683,0.01681,0.01683,0.01676
2022-12-19 12:00:00,0.0168,0.01677,0.01685,0.01666
2022-12-19 16:00:00,0.01673,0.01677,0.01684,0.01671
2022-12-19 20:00:00,0.01674,0.0168,0.01686,0.0167
2022-12-20 00:00:00,0.0168,0.01676,0.01684,0.01672
2022-12-20 04:00:00,0.01676,0.01679,0.0168,0.0167
2022-12-20 08:00:00,0.01679,0.01676,0.01682,0.01672
2022-12-20 12:00:00,0.01676,0.01674,0.01682,0.01672
2022-12-20 16:00:00,0.01676,0.01676,0.01682,0.0167
2022-12-20 20:00:00,0.01675,0.0168,0.01684,0.01672
2022-12-21 00:00:00,0.0168,0.01675,0.01684,0.01671
2022-12-21 04:00:00,0.01675,0.01675,0.0168,0.01669
2022-12-21 08:00:00,0.01673,0.01634,0.01683,0.0163
2022-12-21 12:00:00,0.01637,0.01632,0.0164,0.01629
2022-12-21 16:00:00,0.01632,0.01627,0.01634,0.01627
2022-12-21 20:00:00,0.01629,0.01624,0.01632,0.01623
2022-12-22 00:00:00,0.01626,0.01624,0.01633,0.01623
2022-12-22 04:00:00,0.01627,0.01627,0.01632,0.01618
2022-12-22 08:00:00,0.01628,0.01628,0.01635,0.01625
2022-12-22 12:00:00,0.01627,0.01626,0.01638,0.01618
2022-12-22 16:00:00,0.01624,0.01629,0.01636,0.01623
2022-12-22 20:00:00,0.01627,0.01629,0.01641,0.01621
2022-12-23 00:00:00,0.01629,0.01627,0.01636,0.01624
2022-12-23 04:00:00,0.01628,0.01628,0.01639,0.01621
2022-12-23 08:00:00,0.01629,0.01643,0.0166,0.01582
2022-12-23 12:00:00,0.01644,0.01669,0.01679,0.01642
2022-12-23 16:00:00,0.01668,0.01704,0.01724,0.01665
2022-12-23 20:00:00,0.01709,0.01626,0.01753,0.016
2022-12-24 00:00:00,0.0162,0.01567,0.01626,0.01542
2022-12-24 04:00:00,0.01565,0.01785,0.0184,0.01562
2022-12-24 08:00:00,0.01783,0.01782,0.01793,0.01771
2022-12-24 12:00:00,0.01782,0.01767,0.01792,0.01758
2022-12-24 16:00:00,0.01767,0.01769,0.01772,0.01761
2022-12-24 20:00:00,0.01772,0.01768,0.01773,0.01765
2022-12-25 00:00:00,0.01768,0.01762,0.01779,0.01755
2022-12-25 04:00:00,0.01762,0.01767,0.01774,0.01733
2022-12-25 08:00:00,0.01767,0.01766,0.01773,0.01762
2022-12-25 12:00:00,0.01765,0.01755,0.01788,0.01751
2022-12-25 16:00:00,0.01756,0.01753,0.01758,0.01744
2022-12-25 20:00:00,0.01753,0.01774,0.01775,0.01749
2022-12-26 00:00:00,0.01775,0.01784,0.0179,0.01772
2022-12-26 04:00:00,0.01785,0.01784,0.01787,0.01778
2022-12-26 08:00:00,0.01783,0.01781,0.01787,0.01765
2022-12-26 12:00:00,0.01782,0.01779,0.01788,0.01777
2022-12-26 16:00:00,0.01778,0.01774,0.01781,0.01774
2022-12-26 20:00:00,0.01778,0.01778,0.01778,0.01759
2022-12-27 00:00:00,0.01776,0.01783,0.01786,0.01774
2022-12-27 04:00:00,0.01783,0.01785,0.0179,0.01774
2022-12-27 08:00:00,0.01782,0.01768,0.01788,0.01767
2022-12-27 12:00:00,0.01765,0.01782,0.01786,0.01763
2022-12-27 16:00:00,0.01782,0.01793,0.01794,0.01773
2022-12-27 20:00:00,0.0179,0.01795,0.01809,0.01788
2022-12-28 00:00:00,0.01795,0.01792,0.01823,0.01789
2022-12-28 04:00:00,0.01791,0.01754,0.01793,0.01743
2022-12-28 08:00:00,0.01752,0.01758,0.01761,0.01751
2022-12-28 12:00:00,0.01756,0.01758,0.01761,0.01752
2022-12-28 16:00:00,0.01756,0.01757,0.01761,0.01748
2022-12-28 20:00:00,0.01757,0.01753,0.01761,0.0175
2022-12-29 00:00:00,0.01757,0.01756,0.01762,0.0175
2022-12-29 04:00:00,0.01758,0.01753,0.0176,0.0175
2022-12-29 08:00:00,0.01757,0.01757,0.0176,0.01753
2022-12-29 12:00:00,0.01757,0.01755,0.0176,0.01753
2022-12-29 16:00:00,0.01755,0.01756,0.0176,0.01753
2022-12-29 20:00:00,0.01756,0.01754,0.01759,0.01732
2022-12-30 00:00:00,0.01754,0.01753,0.01755,0.01748
2022-12-30 04:00:00,0.0175,0.01752,0.01756,0.01747
2022-12-30 08:00:00,0.01756,0.01753,0.01759,0.01752
2022-12-30 12:00:00,0.01755,0.01759,0.01772,0.01749
2022-12-30 16:00:00,0.01758,0.01757,0.01762,0.01752
2022-12-30 20:00:00,0.01756,0.01755,0.01762,0.01746
2022-12-31 00:00:00,0.01756,0.01725,0.01763,0.01713
2022-12-31 04:00:00,0.01728,0.01657,0.01729,0.01656
2022-12-31 08:00:00,0.01657,0.01662,0.01666,0.01656
2022-12-31 12:00:00,0.01662,0.01658,0.01668,0.01657
2022-12-31 16:00:00,0.01659,0.01659,0.01663,0.01657
2022-12-31 20:00:00,0.0166,0.01651,0.01666,0.01651
2023-01-01 00:00:00,0.01651,0.01645,0.01657,0.01644
2023-01-01 04:00:00,0.01645,0.0164,0.01646,0.0164
2023-01-01 08:00:00,0.0164,0.01641,0.0165,0.01639
2023-01-01 12:00:00,0.01641,0.01639,0.01652,0.01639
2023-01-01 16:00:00,0.0164,0.0164,0.01642,0.01638
2023-01-01 20:00:00,0.0164,0.01632,0.01653,0.01632
2023-01-02 00:00:00,0.01632,0.0163,0.01635,0.01623
2023-01-02 04:00:00,0.01629,0.01628,0.01633,0.01623
2023-01-02 08:00:00,0.01628,0.01638,0.01652,0.01624
2023-01-02 12:00:00,0.01638,0.0164,0.01647,0.01633
2023-01-02 16:00:00,0.0164,0.0164,0.01658,0.01635
2023-01-02 20:00:00,0.01641,0.01633,0.01645,0.01633
2023-01-03 00:00:00,0.01635,0.01628,0.01637,0.01628
2023-01-03 04:00:00,0.01629,0.01623,0.01683,0.01623
2023-01-03 08:00:00,0.01623,0.01571,0.01623,0.0157
2023-01-03 12:00:00,0.01572,0.01568,0.01586,0.01565
2023-01-03 16:00:00,0.01568,0.0157,0.01573,0.01565
2023-01-03 20:00:00,0.0157,0.01567,0.01574,0.01563
2023-01-04 00:00:00,0.01567,0.01575,0.01576,0.01564
2023-01-04 04:00:00,0.01576,0.01578,0.01582,0.01574
2023-01-04 08:00:00,0.01578,0.01578,0.01579,0.01578
2023-01-04 12:00:00,0.01579,0.01582,0.01583,0.01578
2023-01-04 16:00:00,0.01581,0.01562,0.01583,0.0156
2023-01-04 20:00:00,0.01564,0.01556,0.01566,0.01554
2023-01-05 00:00:00,0.01556,0.01522,0.01559,0.01515
2023-01-05 04:00:00,0.01527,0.01492,0.01528,0.0148
2023-01-05 08:00:00,0.01492,0.01492,0.015,0.01486
2023-01-05 12:00:00,0.01491,0.01492,0.01497,0.01485
2023-01-05 16:00:00,0.01492,0.01476,0.01497,0.01467
2023-01-05 20:00:00,0.01476,0.0148,0.01485,0.01472
2023-01-06 00:00:00,0.01476,0.01482,0.01487,0.01475
2023-01-06 04:00:00,0.01482,0.01475,0.01482,0.01468
2023-01-06 08:00:00,0.01475,0.01472,0.01476,0.01468
2023-01-06 12:00:00,0.01472,0.01476,0.0148,0.01471
2023-01-06 16:00:00,0.01475,0.01478,0.01479,0.01472
2023-01-06 20:00:00,0.01478,0.01463,0.01485,0.01461
2023-01-07 00:00:00,0.01469,0.0147,0.01471,0.01469
2023-01-07 04:00:00,0.0147,0.01467,0.0147,0.01461
2023-01-07 08:00:00,0.01468,0.01444,0.0147,0.01439
2023-01-07 12:00:00,0.01441,0.0144,0.01445,0.01436
2023-01-07 16:00:00,0.01439,0.01442,0.01446,0.01438
2023-01-07 20:00:00,0.01442,0.0144,0.01444,0.01438
2023-01-08 00:00:00,0.0144,0.01443,0.01446,0.01439
2023-01-08 04:00:00,0.01444,0.01443,0.01446,0.01442
2023-01-08 08:00:00,0.01443,0.01436,0.01445,0.01435
2023-01-08 12:00:00,0.0144,0.0145,0.01458,0.01435
2023-01-08 16:00:00,0.0145,0.01446,0.0145,0.01442
2023-01-08 20:00:00,0.01445,0.01454,0.0146,0.01443
2023-01-09 00:00:00,0.01454,0.01456,0.01462,0.0145
2023-01-09 04:00:00,0.01455,0.01454,0.01459,0.01448
2023-01-09 08:00:00,0.01455,0.01461,0.01461,0.01447
2023-01-09 12:00:00,0.01461,0.01501,0.01572,0.01459
2023-01-09 16:00:00,0.01501,0.01889,0.02347,0.01496
2023-01-09 20:00:00,0.01872,0.01497,0.02005,0.01442
2023-01-10 00:00:00,0.0149,0.01487,0.01503,0.01479
2023-01-10 04:00:00,0.01488,0.0145,0.01488,0.01421
2023-01-10 08:00:00,0.01454,0.01459,0.01476,0.01451
2023-01-10 12:00:00,0.01456,0.01454,0.0149,0.01449
2023-01-10 16:00:00,0.01455,0.01475,0.01478,0.01439
2023-01-10 20:00:00,0.01476,0.01466,0.01476,0.01439
2023-01-11 00:00:00,0.01466,0.01451,0.01473,0.01446
2023-01-11 04:00:00,0.01449,0.01449,0.01464,0.01445
2023-01-11 08:00:00,0.01451,0.01458,0.01478,0.01448
2023-01-11 12:00:00,0.01458,0.01447,0.01459,0.01441
2023-01-11 16:00:00,0.01444,0.01453,0.01458,0.01435
2023-01-11 20:00:00,0.01452,0.01448,0.01459,0.01439
2023-01-12 00:00:00,0.01442,0.01448,0.01456,0.01437
2023-01-12 04:00:00,0.01447,0.01449,0.0146,0.01445
2023-01-12 08:00:00,0.01447,0.01445,0.01458,0.01439
2023-01-12 12:00:00,0.01447,0.01473,0.01473,0.0143
2023-01-12 16:00:00,0.01466,0.01502,0.01532,0.01464
2023-01-12 20:00:00,0.015,0.01509,0.01512,0.0149
2023-01-13 00:00:00,0.01509,0.01501,0.01524,0.01494
2023-01-13 04:00:00,0.01503,0.01499,0.01512,0.01484
2023-01-13 08:00:00,0.01496,0.01533,0.01544,0.01494
2023-01-13 12:00:00,0.01531,0.01753,0.0217,0.01531
2023-01-13 16:00:00,0.01754,0.01786,0.0183,0.01737
2023-01-13 20:00:00,0.01791,0.0179,0.01835,0.01777
2023-01-14 00:00:00,0.01792,0.01787,0.01829,0.01773
2023-01-14 04:00:00,0.01783,0.01829,0.01839,0.01757
2023-01-14 08:00:00,0.01828,0.01767,0.0184,0.01757
2023-01-14 12:00:00,0.01765,0.01749,0.01772,0.01728
2023-01-14 16:00:00,0.01752,0.01736,0.01753,0.01725
2023-01-14 20:00:00,0.01744,0.01749,0.01772,0.01726
2023-01-15 00:00:00,0.01755,0.01751,0.01783,0.01727
2023-01-15 04:00:00,0.01752,0.01731,0.01762,0.01717
2023-01-15 08:00:00,0.01734,0.01684,0.01742,0.01663
2023-01-15 12:00:00,0.01689,0.01657,0.01701,0.01645
2023-01-15 16:00:00,0.01652,0.01691,0.017,0.01649
2023-01-15 20:00:00,0.01689,0.01674,0.01698,0.01648
2023-01-16 00:00:00,0.01674,0.01686,0.01693,0.01663
2023-01-16 04:00:00,0.01687,0.01699,0.01704,0.01683
2023-01-16 08:00:00,0.017,0.0169,0.01702,0.01683
2023-01-16 12:00:00,0.0169,0.01693,0.0171,0.01683
2023-01-16 16:00:00,0.01694,0.01699,0.01708,0.01686
2023-01-16 20:00:00,0.01696,0.01697,0.01712,0.01696
2023-01-17 00:00:00,0.017,0.01689,0.01702,0.0168
2023-01-17 04:00:00,0.01687,0.01691,0.01706,0.01682
2023-01-17 08:00:00,0.01691,0.01698,0.01707,0.0169
2023-01-17 12:00:00,0.01698,0.01716,0.01728,0.01691
2023-01-17 16:00:00,0.01717,0.01733,0.01742,0.01708
2023-01-17 20:00:00,0.01735,0.01713,0.0174,0.01704
2023-01-18 00:00:00,0.01714,0.01705,0.01727,0.01705
2023-01-18 04:00:00,0.01706,0.01692,0.01706,0.01677
2023-01-18 08:00:00,0.01688,0.01677,0.01701,0.01665
2023-01-18 12:00:00,0.01676,0.01667,0.01689,0.01666
2023-01-18 16:00:00,0.01668,0.01616,0.01669,0.016
2023-01-18 20:00:00,0.0162,0.01591,0.0162,0.01591
2023-01-19 00:00:00,0.01595,0.01485,0.01599,0.01479
2023-01-19 04:00:00,0.01486,0.01499,0.01507,0.01486
2023-01-19 08:00:00,0.01504,0.01503,0.01514,0.01498
2023-01-19 12:00:00,0.01503,0.01522,0.01527,0.01502
2023-01-19 16:00:00,0.01524,0.01533,0.01543,0.0152
2023-01-19 20:00:00,0.01532,0.01535,0.0154,0.01522
2023-01-20 00:00:00,0.01538,0.01539,0.01546,0.0152
2023-01-20 04:00:00,0.01539,0.01536,0.01546,0.01525
2023-01-20 08:00:00,0.01535,0.01538,0.01544,0.01528
2023-01-20 12:00:00,0.01542,0.01541,0.01549,0.01535
2023-01-20 16:00:00,0.0154,0.01555,0.01569,0.01535
2023-01-20 20:00:00,0.01557,0.01623,0.01644,0.01556
2023-01-21 00:00:00,0.0162,0.01628,0.01652,0.01615
2023-01-21 04:00:00,0.01631,0.0166,0.01683,0.01612
2023-01-21 08:00:00,0.01659,0.01608,0.0167,0.01594
2023-01-21 12:00:00,0.01609,0.01617,0.01617,0.0157
2023-01-21 16:00:00,0.01616,0.01639,0.01639,0.0161
2023-01-21 20:00:00,0.01629,0.01638,0.01661,0.01623
2023-01-22 00:00:00,0.01637,0.01652,0.01663,0.01636
2023-01-22 04:00:00,0.01655,0.01644,0.01655,0.01634
2023-01-22 08:00:00,0.01642,0.01626,0.01649,0.0162
2023-01-22 12:00:00,0.01628,0.01644,0.01649,0.01618
2023-01-22 16:00:00,0.01647,0.01646,0.01653,0.01626
2023-01-22 20:00:00,0.01641,0.01618,0.01647,0.01617
2023-01-23 00:00:00,0.01619,0.01919,0.01974,0.01617
2023-01-23 04:00:00,0.01927,0.01859,0.0258,0.01762
2023-01-23 08:00:00,0.01859,0.01822,0.01898,0.01763
2023-01-23 12:00:00,0.01821,0.0174,0.01828,0.01699
2023-01-23 16:00:00,0.01738,0.01784,0.01791,0.01712
2023-01-23 20:00:00,0.01782,0.01757,0.0181,0.01728
2023-01-24 00:00:00,0.01756,0.01785,0.01794,0.01739
2023-01-24 04:00:00,0.01781,0.01811,0.01888,0.01778
2023-01-24 08:00:00,0.01811,0.01783,0.01832,0.0173
2023-01-24 12:00:00,0.01782,0.0169,0.01782,0.01637
2023-01-24 16:00:00,0.01696,0.01709,0.01733,0.016
2023-01-24 20:00:00,0.01715,0.01706,0.01766,0.01698
2023-01-25 00:00:00,0.01705,0.01671,0.01708,0.01642
2023-01-25 04:00:00,0.01669,0.01676,0.0169,0.0165
2023-01-25 08:00:00,0.01675,0.01665,0.01681,0.01629
2023-01-25 12:00:00,0.01662,0.01659,0.01687,0.01655
2023-01-25 16:00:00,0.01659,0.01652,0.01662,0.01632
2023-01-25 20:00:00,0.01653,0.01655,0.0166,0.016
2023-01-26 00:00:00,0.01656,0.0166,0.01671,0.01652
2023-01-26 04:00:00,0.01659,0.0166,0.0169,0.01643
2023-01-26 08:00:00,0.01661,0.01656,0.0172,0.01638
2023-01-26 12:00:00,0.01655,0.01663,0.01663,0.01619
2023-01-26 16:00:00,0.01664,0.01661,0.01677,0.01633
2023-01-26 20:00:00,0.01664,0.01662,0.01672,0.01649
2023-01-27 00:00:00,0.01658,0.01646,0.01672,0.0164
2023-01-27 04:00:00,0.01646,0.01635,0.01652,0.01611
2023-01-27 08:00:00,0.01628,0.01605,0.0164,0.01556
2023-01-27 12:00:00,0.01607,0.01608,0.01642,0.01602
2023-01-27 16:00:00,0.01606,0.01622,0.01651,0.01595
2023-01-27 20:00:00,0.01618,0.01648,0.01652,0.01603
2023-01-28 00:00:00,0.01643,0.01633,0.01652,0.0161
2023-01-28 04:00:00,0.01627,0.01684,0.01688,0.01627
2023-01-28 08:00:00,0.01686,0.01816,0.01915,0.01675
2023-01-28 12:00:00,0.01827,0.01758,0.01845,0.01727
2023-01-28 16:00:00,0.01754,0.01836,0.01874,0.01753
2023-01-28 20:00:00,0.01836,0.01794,0.019,0.0178
2023-01-29 00:00:00,0.01795,0.01804,0.01816,0.0178
2023-01-29 04:00:00,0.01805,0.01843,0.0199,0.01796
2023-01-29 08:00:00,0.01851,0.01951,0.01969,0.01842
2023-01-29 12:00:00,0.01955,0.0217,0.0217,0.01881
2023-01-29 16:00:00,0.0217,0.02292,0.02343,0.02065
2023-01-29 20:00:00,0.02292,0.0257,0.03402,0.0211
2023-01-30 00:00:00,0.02582,0.02934,0.0316,0.02502
2023-01-30 04:00:00,0.02936,0.036,0.03654,0.02786
2023-01-30 08:00:00,0.036,0.03052,0.0363,0.02776
2023-01-30 12:00:00,0.03052,0.03166,0.03456,0.02751
2023-01-30 16:00:00,0.03174,0.029,0.0325,0.0277
2023-01-30 20:00:00,0.0291,0.02636,0.0291,0.02613
2023-01-31 00:00:00,0.02637,0.02405,0.02637,0.02218
2023-01-31 04:00:00,0.02425,0.03022,0.03081,0.0232
2023-01-31 08:00:00,0.03001,0.03286,0.03511,0.02934
2023-01-31 12:00:00,0.03287,0.03201,0.0331,0.0311
2023-01-31 16:00:00,0.03201,0.03351,0.03377,0.03093
2023-01-31 20:00:00,0.03375,0.04264,0.044,0.03268
2023-02-01 00:00:00,0.0426,0.0404,0.0446,0.0371
2023-02-01 04:00:00,0.04041,0.04011,0.0438,0.0368
2023-02-01 08:00:00,0.04025,0.04013,0.04309,0.03798
2023-02-01 12:00:00,0.04037,0.03865,0.042,0.0381
2023-02-01 16:00:00,0.0386,0.04419,0.0454,0.03663
2023-02-01 20:00:00,0.04442,0.04235,0.04526,0.042
2023-02-02 00:00:00,0.04247,0.03918,0.044,0.03793
2023-02-02 04:00:00,0.03916,0.04307,0.045,0.0378
2023-02-02 08:00:00,0.043,0.04532,0.048,0.04093
2023-02-02 12:00:00,0.04514,0.04231,0.04614,0.04101
2023-02-02 16:00:00,0.04231,0.0416,0.04495,0.04092
2023-02-02 20:00:00,0.04161,0.04475,0.04588,0.04093
2023-02-03 00:00:00,0.04477,0.04383,0.047,0.04217
2023-02-03 04:00:00,0.04403,0.0395,0.04427,0.03896
2023-02-03 08:00:00,0.0395,0.04092,0.04326,0.038
2023-02-03 12:00:00,0.04092,0.03945,0.0417,0.0376
2023-02-03 16:00:00,0.0394,0.03807,0.04044,0.03376
2023-02-03 20:00:00,0.03807,0.03789,0.0399,0.03787
2023-02-04 00:00:00,0.03793,0.03823,0.03863,0.03722
2023-02-04 04:00:00,0.03822,0.04514,0.04699,0.03607
2023-02-04 08:00:00,0.04514,0.04502,0.04599,0.0423
2023-02-04 12:00:00,0.045,0.04747,0.049,0.04386
2023-02-04 16:00:00,0.04754,0.04302,0.04754,0.04199
2023-02-04 20:00:00,0.04304,0.04423,0.046,0.04253
2023-02-05 00:00:00,0.04446,0.05223,0.05623,0.0443
2023-02-05 04:00:00,0.05225,0.05142,0.05496,0.05085
2023-02-05 08:00:00,0.05183,0.05123,0.05469,0.05086
2023-02-05 12:00:00,0.05123,0.05237,0.056,0.04679
2023-02-05 16:00:00,0.05252,0.05492,0.058,0.051
2023-02-05 20:00:00,0.0551,0.0535,0.05599,0.0512
2023-02-06 00:00:00,0.05352,0.05988,0.05988,0.052
2023-02-06 04:00:00,0.05988,0.05872,0.061,0.05461
2023-02-06 08:00:00,0.05924,0.05678,0.06049,0.0548
2023-02-06 12:00:00,0.05712,0.0562,0.05897,0.05507
2023-02-06 16:00:00,0.05628,0.05749,0.0584,0.05408
2023-02-06 20:00:00,0.05749,0.05473,0.0576,0.05234
2023-02-07 00:00:00,0.05515,0.05965,0.06,0.0542
2023-02-07 04:00:00,0.05975,0.0563,0.062,0.0509
2023-02-07 08:00:00,0.05631,0.0572,0.05981,0.053
2023-02-07 12:00:00,0.0568,0.05869,0.0643,0.05399
2023-02-07 16:00:00,0.05869,0.05582,0.05926,0.053
2023-02-07 20:00:00,0.05584,0.0527,0.05865,0.05213
2023-02-08 00:00:00,0.05269,0.05282,0.05391,0.05109
2023-02-08 04:00:00,0.05279,0.05504,0.05838,0.05212
2023-02-08 08:00:00,0.05518,0.05438,0.05943,0.05412
2023-02-08 12:00:00,0.05455,0.04891,0.05462,0.04867
2023-02-08 16:00:00,0.04893,0.04738,0.04954,0.04648
2023-02-08 20:00:00,0.04743,0.05006,0.05055,0.04623
2023-02-09 00:00:00,0.05019,0.04536,0.05115,0.04516
2023-02-09 04:00:00,0.04531,0.04346,0.04565,0.04031
2023-02-09 08:00:00,0.04366,0.04337,0.04702,0.04129
2023-02-09 12:00:00,0.04331,0.04356,0.04588,0.043
2023-02-09 16:00:00,0.04356,0.03927,0.04372,0.036
2023-02-09 20:00:00,0.03923,0.03737,0.04,0.0362
2023-02-10 00:00:00,0.03738,0.03921,0.04129,0.037
2023-02-10 04:00:00,0.03905,0.04036,0.04389,0.039
2023-02-10 08:00:00,0.0404,0.0407,0.0418,0.04007
2023-02-10 12:00:00,0.04062,0.038,0.04083,0.0378
2023-02-10 16:00:00,0.03802,0.03599,0.03822,0.03501
2023-02-10 20:00:00,0.03599,0.0385,0.0385,0.03584
2023-02-11 00:00:00,0.03856,0.03983,0.04457,0.03793
2023-02-11 04:00:00,0.03981,0.03988,0.04042,0.03947
2023-02-11 08:00:00,0.03996,0.03863,0.04115,0.03759
2023-02-11 12:00:00,0.03873,0.0394,0.03983,0.03835
2023-02-11 16:00:00,0.03955,0.03952,0.03963,0.03784
2023-02-11 20:00:00,0.03951,0.03837,0.03959,0.03812
2023-02-12 00:00:00,0.03836,0.03763,0.03878,0.03711
2023-02-12 04:00:00,0.03766,0.0368,0.03783,0.03662
2023-02-12 08:00:00,0.03683,0.03714,0.03729,0.03647
2023-02-12 12:00:00,0.03715,0.03687,0.03716,0.03538
2023-02-12 16:00:00,0.03687,0.03763,0.03775,0.03652
2023-02-12 20:00:00,0.03765,0.03606,0.03805,0.03591
2023-02-13 00:00:00,0.03605,0.035,0.03632,0.035
2023-02-13 04:00:00,0.0353,0.03392,0.0353,0.0337
2023-02-13 08:00:00,0.03392,0.03294,0.03392,0.03044
2023-02-13 12:00:00,0.03294,0.03056,0.03319,0.03025
2023-02-13 16:00:00,0.03049,0.03327,0.03409,0.03025
2023-02-13 20:00:00,0.03332,0.0334,0.03411,0.03237
2023-02-14 00:00:00,0.03331,0.03327,0.0338,0.0329
2023-02-14 04:00:00,0.0332,0.03342,0.0341,0.03261
2023-02-14 08:00:00,0.0332,0.03259,0.03373,0.0325
2023-02-14 12:00:00,0.03255,0.03322,0.03409,0.03164
2023-02-14 16:00:00,0.03323,0.03347,0.03409,0.0331
2023-02-14 20:00:00,0.03347,0.03202,0.03347,0.03166
2023-02-15 00:00:00,0.03201,0.03135,0.03217,0.03002
2023-02-15 04:00:00,0.0313,0.03112,0.03257,0.03063
2023-02-15 08:00:00,0.03112,0.03123,0.03187,0.03079
2023-02-15 12:00:00,0.03128,0.03291,0.03397,0.03102
2023-02-15 16:00:00,0.0328,0.0328,0.03355,0.032
2023-02-15 20:00:00,0.03284,0.0335,0.03398,0.0325
2023-02-16 00:00:00,0.03373,0.03374,0.0344,0.03345
2023-02-16 04:00:00,0.03376,0.03325,0.0341,0.03242
2023-02-16 08:00:00,0.0332,0.03319,0.03443,0.03319
2023-02-16 12:00:00,0.03345,0.03336,0.03378,0.03187
2023-02-16 16:00:00,0.03335,0.03859,0.0396,0.03304
2023-02-16 20:00:00,0.03843,0.03437,0.03877,0.03381
2023-02-17 00:00:00,0.03443,0.03611,0.03739,0.034
2023-02-17 04:00:00,0.0361,0.03526,0.03819,0.03467
2023-02-17 08:00:00,0.03535,0.03464,0.03597,0.034
2023-02-17 12:00:00,0.03464,0.0349,0.03569,0.0342
2023-02-17 16:00:00,0.03472,0.03796,0.03825,0.03434
2023-02-17 20:00:00,0.03798,0.03856,0.04321,0.03756
2023-02-18 00:00:00,0.03853,0.038,0.0386,0.03762
2023-02-18 04:00:00,0.038,0.04025,0.04077,0.038
2023-02-18 08:00:00,0.04031,0.04292,0.04794,0.03991
2023-02-18 12:00:00,0.04293,0.04046,0.0469,0.04
2023-02-18 16:00:00,0.04059,0.04401,0.04588,0.03734
2023-02-18 20:00:00,0.04436,0.04633,0.04873,0.0426
2023-02-19 00:00:00,0.0463,0.04289,0.0466,0.04262
2023-02-19 04:00:00,0.04312,0.04239,0.0434,0.0415
2023-02-19 08:00:00,0.0424,0.04308,0.04506,0.0424
2023-02-19 12:00:00,0.04308,0.04424,0.04444,0.04239
2023-02-19 16:00:00,0.04406,0.04296,0.04579,0.04222
2023-02-19 20:00:00,0.04286,0.04175,0.04296,0.04102
2023-02-20 00:00:00,0.04173,0.0403,0.04197,0.03914
2023-02-20 04:00:00,0.04036,0.04117,0.04315,0.03925
2023-02-20 08:00:00,0.04099,0.04003,0.0425,0.0399
2023-02-20 12:00:00,0.04004,0.03908,0.0404,0.03885
2023-02-20 16:00:00,0.03908,0.03698,0.03909,0.03658
2023-02-20 20:00:00,0.03696,0.03608,0.037,0.035
2023-02-21 00:00:00,0.03607,0.03542,0.03629,0.03457
2023-02-21 04:00:00,0.03542,0.03636,0.03662,0.03542
2023-02-21 08:00:00,0.03632,0.03699,0.03811,0.03632
2023-02-21 12:00:00,0.03703,0.03556,0.03749,0.03539
2023-02-21 16:00:00,0.03537,0.03479,0.03563,0.0337
2023-02-21 20:00:00,0.0348,0.03418,0.0351,0.03414
2023-02-22 00:00:00,0.03417,0.03337,0.03452,0.03311
2023-02-22 04:00:00,0.03339,0.0326,0.03368,0.03253
2023-02-22 08:00:00,0.03259,0.03268,0.03285,0.032
2023-02-22 12:00:00,0.03268,0.03169,0.03269,0.03149
2023-02-22 16:00:00,0.03154,0.03207,0.03216,0.03114
2023-02-22 20:00:00,0.03207,0.03261,0.03287,0.03189
2023-02-23 00:00:00,0.0326,0.03598,0.03723,0.0322
2023-02-23 04:00:00,0.03603,0.03734,0.03897,0.03497
2023-02-23 08:00:00,0.03735,0.03482,0.0394,0.03482
2023-02-23 12:00:00,0.03481,0.03509,0.03548,0.03391
2023-02-23 16:00:00,0.03509,0.03335,0.0351,0.03258
2023-02-23 20:00:00,0.03334,0.03269,0.03334,0.03237
2023-02-24 00:00:00,0.03269,0.03382,0.0344,0.03236
2023-02-24 04:00:00,0.03385,0.03383,0.03411,0.03342
2023-02-24 08:00:00,0.03388,0.03481,0.036,0.0338
2023-02-24 12:00:00,0.03481,0.03395,0.03518,0.03358
2023-02-24 16:00:00,0.03421,0.03269,0.03425,0.03231
2023-02-24 20:00:00,0.0327,0.03259,0.03292,0.03256
2023-02-25 00:00:00,0.0326,0.0351,0.03714,0.03257
2023-02-25 04:00:00,0.03508,0.03435,0.03517,0.034
2023-02-25 08:00:00,0.03409,0.0339,0.03496,0.03357
2023-02-25 12:00:00,0.03389,0.03422,0.03442,0.03362
2023-02-25 16:00:00,0.03414,0.03491,0.03549,0.03345
2023-02-25 20:00:00,0.03486,0.03464,0.037,0.0335
2023-02-26 00:00:00,0.03489,0.03601,0.03679,0.0346
2023-02-26 04:00:00,0.03601,0.03499,0.0362,0.03437
2023-02-26 08:00:00,0.03499,0.03477,0.03535,0.03462
2023-02-26 12:00:00,0.03501,0.03521,0.03597,0.03432
2023-02-26 16:00:00,0.03546,0.03506,0.0356,0.03482
2023-02-26 20:00:00,0.03492,0.03569,0.03637,0.03492
2023-02-27 00:00:00,0.03569,0.03585,0.03599,0.03523
2023-02-27 04:00:00,0.0359,0.03524,0.03615,0.03517
2023-02-27 08:00:00,0.03525,0.03481,0.03538,0.0348
2023-02-27 12:00:00,0.03481,0.03575,0.03603,0.0348
2023-02-27 16:00:00,0.03574,0.03509,0.03603,0.03438
2023-02-27 20:00:00,0.03508,0.03491,0.03543,0.03456
2023-02-28 00:00:00,0.03499,0.03487,0.03499,0.03481
2023-02-28 04:00:00,0.03486,0.03444,0.03487,0.03425
2023-02-28 08:00:00,0.0345,0.03445,0.03467,0.03388
2023-02-28 12:00:00,0.0344,0.03369,0.03449,0.0335
2023-02-28 16:00:00,0.03377,0.03435,0.03524,0.03365
2023-02-28 20:00:00,0.03434,0.03474,0.0352,0.0342
2023-03-01 00:00:00,0.03476,0.03457,0.03481,0.03425
2023-03-01 04:00:00,0.03457,0.03425,0.03491,0.034
2023-03-01 08:00:00,0.0343,0.03323,0.03491,0.03239
2023-03-01 12:00:00,0.03323,0.03323,0.03428,0.03298
2023-03-01 16:00:00,0.03324,0.03326,0.03347,0.03308
2023-03-01 20:00:00,0.03324,0.03302,0.03342,0.03294
2023-03-02 00:00:00,0.03302,0.03322,0.03363,0.03299
2023-03-02 04:00:00,0.0332,0.03229,0.03346,0.031
2023-03-02 08:00:00,0.03229,0.03052,0.03229,0.03026
2023-03-02 12:00:00,0.03048,0.02972,0.03087,0.02837
2023-03-02 16:00:00,0.02972,0.02996,0.03014,0.02929
2023-03-02 20:00:00,0.02998,0.03064,0.03098,0.02995
2023-03-03 00:00:00,0.0307,0.0292,0.03078,0.02871
2023-03-03 04:00:00,0.0292,0.02875,0.02921,0.0283
2023-03-03 08:00:00,0.02879,0.02818,0.0288,0.028
2023-03-03 12:00:00,0.02815,0.02819,0.02859,0.02792
2023-03-03 16:00:00,0.0282,0.02823,0.02859,0.02797
2023-03-03 20:00:00,0.02821,0.02857,0.02859,0.02815
2023-03-04 00:00:00,0.02858,0.02867,0.029,0.02849
2023-03-04 04:00:00,0.02866,0.02844,0.02909,0.02843
2023-03-04 08:00:00,0.02844,0.02815,0.02863,0.0279
2023-03-04 12:00:00,0.02817,0.0282,0.02858,0.02812
2023-03-04 16:00:00,0.02822,0.02754,0.02843,0.02754
2023-03-04 20:00:00,0.02757,0.02708,0.02757,0.02701
2023-03-05 00:00:00,0.02708,0.02697,0.02747,0.02646
2023-03-05 04:00:00,0.02697,0.02698,0.02707,0.02677
2023-03-05 08:00:00,0.02702,0.02669,0.02703,0.02647
2023-03-05 12:00:00,0.02671,0.02665,0.02688,0.02631
2023-03-05 16:00:00,0.02665,0.02642,0.02678,0.026
2023-03-05 20:00:00,0.02646,0.02647,0.0266,0.02633
2023-03-06 00:00:00,0.0265,0.0266,0.02676,0.02633
2023-03-06 04:00:00,0.02659,0.02652,0.0267,0.02641
2023-03-06 08:00:00,0.02652,0.0272,0.02739,0.02641
2023-03-06 12:00:00,0.02725,0.02755,0.02764,0.02686
2023-03-06 16:00:00,0.02756,0.02844,0.02888,0.02752
2023-03-06 20:00:00,0.02856,0.02862,0.02935,0.02832
2023-03-07 00:00:00,0.02866,0.02823,0.02876,0.02815
2023-03-07 04:00:00,0.02826,0.02812,0.02844,0.02798
2023-03-07 08:00:00,0.02812,0.02757,0.02816,0.0274
2023-03-07 12:00:00,0.02762,0.03067,0.0332,0.02716
2023-03-07 16:00:00,0.03064,0.02967,0.03069,0.02951
2023-03-07 20:00:00,0.02974,0.03027,0.0305,0.0295
2023-03-08 00:00:00,0.03027,0.03046,0.0325,0.03025
2023-03-08 04:00:00,0.03048,0.02989,0.03142,0.02989
2023-03-08 08:00:00,0.02988,0.02999,0.03047,0.02986
2023-03-08 12:00:00,0.02997,0.029,0.03005,0.02843
2023-03-08 16:00:00,0.029,0.02869,0.02911,0.02829
2023-03-08 20:00:00,0.02873,0.028,0.0288,0.02742
2023-03-09 00:00:00,0.02801,0.02768,0.02815,0.02747
2023-03-09 04:00:00,0.02773,0.02735,0.02786,0.02706
2023-03-09 08:00:00,0.02726,0.02711,0.0277,0.02672
2023-03-09 12:00:00,0.02712,0.02836,0.02859,0.0271
2023-03-09 16:00:00,0.02824,0.02621,0.02835,0.026
2023-03-09 20:00:00,0.02616,0.02531,0.02886,0.02426
2023-03-10 00:00:00,0.02531,0.02472,0.02537,0.0245
2023-03-10 04:00:00,0.02472,0.02446,0.02491,0.02404
2023-03-10 08:00:00,0.02443,0.02258,0.02525,0.0222
2023-03-10 12:00:00,0.02256,0.02292,0.02389,0.02251
2023-03-10 16:00:00,0.02295,0.02348,0.02363,0.02266
2023-03-10 20:00:00,0.02343,0.0242,0.0242,0.02297
2023-03-11 00:00:00,0.02408,0.02338,0.025,0.02311
2023-03-11 04:00:00,0.0235,0.02296,0.0235,0.02266
2023-03-11 08:00:00,0.02297,0.02314,0.02341,0.02237
2023-03-11 12:00:00,0.02313,0.02309,0.02345,0.02291
2023-03-11 16:00:00,0.0231,0.02309,0.02334,0.02291
2023-03-11 20:00:00,0.02309,0.02328,0.02335,0.02304
2023-03-12 00:00:00,0.02329,0.02259,0.02336,0.02225
2023-03-12 04:00:00,0.02262,0.02277,0.0229,0.0223
2023-03-12 08:00:00,0.02277,0.02269,0.02336,0.02244
2023-03-12 12:00:00,0.0227,0.02292,0.02335,0.02266
2023-03-12 16:00:00,0.02287,0.02381,0.02389,0.02278
2023-03-12 20:00:00,0.02383,0.02436,0.02448,0.02353
2023-03-13 00:00:00,0.02438,0.02483,0.02598,0.0239
2023-03-13 04:00:00,0.02483,0.02528,0.02592,0.02479
2023-03-13 08:00:00,0.02526,0.02445,0.02537,0.02437
2023-03-13 12:00:00,0.02446,0.02672,0.02964,0.02442
2023-03-13 16:00:00,0.02672,0.02784,0.02837,0.02626
2023-03-13 20:00:00,0.02784,0.02817,0.02864,0.02736
2023-03-14 00:00:00,0.02816,0.02707,0.02819,0.02685
2023-03-14 04:00:00,0.02706,0.02692,0.0271,0.02654
2023-03-14 08:00:00,0.02691,0.02675,0.02714,0.02627
2023-03-14 12:00:00,0.02676,0.02915,0.02937,0.0262
2023-03-14 16:00:00,0.02915,0.02788,0.02932,0.02759
2023-03-14 20:00:00,0.02784,0.02777,0.02879,0.02702
2023-03-15 00:00:00,0.02778,0.0283,0.02863,0.02775
2023-03-15 04:00:00,0.02827,0.02847,0.02847,0.02767
2023-03-15 08:00:00,0.02848,0.02804,0.02867,0.0274
2023-03-15 12:00:00,0.0283,0.02659,0.02834,0.02622
2023-03-15 16:00:00,0.02645,0.02606,0.02657,0.0252
2023-03-15 20:00:00,0.02605,0.02599,0.02637,0.02561
2023-03-16 00:00:00,0.02604,0.02578,0.02619,0.0255
2023-03-16 04:00:00,0.02578,0.02636,0.02657,0.02578
2023-03-16 08:00:00,0.02632,0.02595,0.02655,0.0258
2023-03-16 12:00:00,0.02595,0.02616,0.02659,0.0255
2023-03-16 16:00:00,0.0262,0.02548,0.02658,0.0252
2023-03-16 20:00:00,0.02548,0.02555,0.0258,0.02517
2023-03-17 00:00:00,0.02553,0.02611,0.02615,0.02515
2023-03-17 04:00:00,0.02612,0.02558,0.0268,0.02542
2023-03-17 08:00:00,0.02565,0.02661,0.02716,0.02562
2023-03-17 12:00:00,0.0266,0.0272,0.0279,0.02649
2023-03-17 16:00:00,0.02718,0.02713,0.02776,0.02651
2023-03-17 20:00:00,0.02708,0.02669,0.0272,0.02592
2023-03-18 00:00:00,0.0266,0.02635,0.02673,0.02577
2023-03-18 04:00:00,0.02638,0.02713,0.02738,0.02623
2023-03-18 08:00:00,0.02712,0.02763,0.028,0.02701
2023-03-18 12:00:00,0.02761,0.02762,0.02801,0.02759
2023-03-18 16:00:00,0.02764,0.02786,0.02824,0.02701
2023-03-18 20:00:00,0.02785,0.02707,0.02813,0.02685
2023-03-19 00:00:00,0.02706,0.02743,0.0277,0.02672
2023-03-19 04:00:00,0.02742,0.02707,0.02758,0.02695
2023-03-19 08:00:00,0.02707,0.02745,0.02768,0.02706
2023-03-19 12:00:00,0.02745,0.02743,0.02759,0.02706
2023-03-19 16:00:00,0.02744,0.0279,0.02853,0.02732
2023-03-19 20:00:00,0.02795,0.02803,0.02861,0.02733
2023-03-20 00:00:00,0.02802,0.02697,0.0285,0.02661
2023-03-20 04:00:00,0.02693,0.0267,0.02718,0.02655
2023-03-20 08:00:00,0.02668,0.02615,0.02685,0.02563
2023-03-20 12:00:00,0.0261,0.02602,0.02679,0.02595
2023-03-20 16:00:00,0.02606,0.02595,0.02618,0.02556
2023-03-20 20:00:00,0.02596,0.02659,0.02686,0.02561
2023-03-21 00:00:00,0.02664,0.02669,0.02719,0.02648
2023-03-21 04:00:00,0.02667,0.02588,0.02674,0.02571
2023-03-21 08:00:00,0.02587,0.02591,0.02616,0.02565
2023-03-21 12:00:00,0.0259,0.02588,0.0263,0.0256
2023-03-21 16:00:00,0.02597,0.02592,0.0265,0.02567
2023-03-21 20:00:00,0.02591,0.02509,0.02599,0.02491
2023-03-22 00:00:00,0.02511,0.02521,0.02528,0.02503
2023-03-22 04:00:00,0.02522,0.02573,0.02624,0.02521
2023-03-22 08:00:00,0.02572,0.02511,0.02589,0.02501
2023-03-22 12:00:00,0.0251,0.02501,0.0255,0.02489
2023-03-22 16:00:00,0.02501,0.02436,0.0254,0.02411
2023-03-22 20:00:00,0.0244,0.0246,0.0248,0.02371
2023-03-23 00:00:00,0.02459,0.0244,0.02467,0.0241
2023-03-23 04:00:00,0.02439,0.02389,0.02468,0.02377
2023-03-23 08:00:00,0.02386,0.02348,0.02415,0.02311
2023-03-23 12:00:00,0.02348,0.02348,0.02357,0.02278
2023-03-23 16:00:00,0.02348,0.02405,0.02454,0.02348
2023-03-23 20:00:00,0.02401,0.02437,0.02478,0.02398
2023-03-24 00:00:00,0.02438,0.0249,0.0249,0.02404
2023-03-24 04:00:00,0.02491,0.02464,0.02545,0.0246
2023-03-24 08:00:00,0.02463,0.02403,0.02463,0.02391
2023-03-24 12:00:00,0.02401,0.02355,0.02408,0.0232
2023-03-24 16:00:00,0.02355,0.02347,0.02387,0.02313
2023-03-24 20:00:00,0.02347,0.02245,0.02348,0.02203
2023-03-25 00:00:00,0.02246,0.02268,0.02269,0.02244
2023-03-25 04:00:00,0.02268,0.02274,0.0228,0.02264
2023-03-25 08:00:00,0.02275,0.02299,0.02299,0.02273
2023-03-25 12:00:00,0.02298,0.02329,0.02336,0.02279
2023-03-25 16:00:00,0.02333,0.02305,0.02342,0.02289
2023-03-25 20:00:00,0.02306,0.02265,0.02312,0.02263
2023-03-26 00:00:00,0.02263,0.02261,0.02274,0.0225
2023-03-26 04:00:00,0.02261,0.02289,0.02319,0.0226
2023-03-26 08:00:00,0.02293,0.02281,0.02309,0.02268
2023-03-26 12:00:00,0.02281,0.02338,0.0235,0.02277
2023-03-26 16:00:00,0.02338,0.02324,0.02343,0.02303
2023-03-26 20:00:00,0.02324,0.02284,0.02333,0.022
2023-03-27 00:00:00,0.02284,0.02263,0.02299,0.02227
2023-03-27 04:00:00,0.02265,0.02307,0.02338,0.02241
2023-03-27 08:00:00,0.02307,0.02333,0.02363,0.02304
2023-03-27 12:00:00,0.02332,0.02263,0.0236,0.02217
2023-03-27 16:00:00,0.02264,0.02256,0.02269,0.02237
2023-03-27 20:00:00,0.02267,0.02243,0.0227,0.02227
2023-03-28 00:00:00,0.02244,0.02312,0.02382,0.02232
2023-03-28 04:00:00,0.02312,0.02331,0.02375,0.02291
2023-03-28 08:00:00,0.02325,0.02307,0.0234,0.02302
2023-03-28 12:00:00,0.02308,0.0229,0.02325,0.0229
2023-03-28 16:00:00,0.023,0.02317,0.02321,0.02255
2023-03-28 20:00:00,0.02317,0.02386,0.02403,0.02312
2023-03-29 00:00:00,0.02379,0.02376,0.02488,0.02265
2023-03-29 04:00:00,0.02376,0.02327,0.0238,0.02318
2023-03-29 08:00:00,0.02333,0.02319,0.02348,0.02311
2023-03-29 12:00:00,0.02319,0.0232,0.02341,0.02303
2023-03-29 16:00:00,0.02319,0.02304,0.02377,0.02241
2023-03-29 20:00:00,0.02316,0.02367,0.02438,0.02282
2023-03-30 00:00:00,0.02376,0.02389,0.02484,0.02364
2023-03-30 04:00:00,0.02389,0.02436,0.02477,0.02375
2023-03-30 08:00:00,0.02424,0.02427,0.02437,0.02353
2023-03-30 12:00:00,0.02427,0.02384,0.02427,0.02377
2023-03-30 16:00:00,0.02386,0.02351,0.0241,0.02331
2023-03-30 20:00:00,0.02345,0.02321,0.02387,0.02308
2023-03-31 00:00:00,0.02335,0.02335,0.02369,0.02317
2023-03-31 04:00:00,0.02331,0.02315,0.02341,0.02315
2023-03-31 08:00:00,0.02314,0.02334,0.02335,0.02313
2023-03-31 12:00:00,0.02334,0.02322,0.02346,0.02297
2023-03-31 16:00:00,0.02321,0.02299,0.02322,0.02298
2023-03-31 20:00:00,0.02302,0.02299,0.02303,0.02295
2023-04-01 00:00:00,0.02299,0.02328,0.02368,0.02299
2023-04-01 04:00:00,0.02328,0.02321,0.0233,0.02315
2023-04-01 08:00:00,0.02322,0.0231,0.02349,0.02309
2023-04-01 12:00:00,0.02309,0.02297,0.0231,0.02251
2023-04-01 16:00:00,0.0229,0.02288,0.02331,0.02267
2023-04-01 20:00:00,0.02287,0.02286,0.02332,0.0226
2023-04-02 00:00:00,0.02285,0.02316,0.02318,0.02283
2023-04-02 04:00:00,0.02312,0.02318,0.02324,0.02284
2023-04-02 08:00:00,0.02319,0.02296,0.02323,0.02281
2023-04-02 12:00:00,0.02296,0.02315,0.02398,0.0229
2023-04-02 16:00:00,0.02316,0.02314,0.02323,0.023
2023-04-02 20:00:00,0.02315,0.02322,0.0233,0.02294
2023-04-03 00:00:00,0.02318,0.0232,0.02326,0.02312
2023-04-03 04:00:00,0.0232,0.02311,0.0232,0.02308
2023-04-03 08:00:00,0.02312,0.02317,0.02319,0.02302
2023-04-03 12:00:00,0.02317,0.02304,0.0232,0.02294
2023-04-03 16:00:00,0.02303,0.02304,0.02312,0.02293
2023-04-03 20:00:00,0.02305,0.02308,0.0231,0.02291
2023-04-04 00:00:00,0.02308,0.02305,0.02309,0.02304
2023-04-04 04:00:00,0.02306,0.02302,0.02307,0.02301
2023-04-04 08:00:00,0.02304,0.0231,0.02315,0.02302
2023-04-04 12:00:00,0.0231,0.02322,0.02324,0.02308
2023-04-04 16:00:00,0.02321,0.02329,0.02349,0.02318
2023-04-04 20:00:00,0.0233,0.02303,0.02335,0.02248
2023-04-05 00:00:00,0.02307,0.02308,0.02334,0.02271
2023-04-05 04:00:00,0.02308,0.02311,0.02335,0.02292
2023-04-05 08:00:00,0.02311,0.02278,0.02317,0.02269
2023-04-05 12:00:00,0.02282,0.02281,0.02317,0.02276
2023-04-05 16:00:00,0.02283,0.02307,0.02336,0.02279
2023-04-05 20:00:00,0.02311,0.02309,0.02329,0.02281
2023-04-06 00:00:00,0.02311,0.02314,0.02322,0.02304
2023-04-06 04:00:00,0.02312,0.02302,0.02324,0.02299
2023-04-06 08:00:00,0.02303,0.02254,0.02359,0.02231
2023-04-06 12:00:00,0.02254,0.02264,0.02298,0.0223
2023-04-06 16:00:00,0.02264,0.02194,0.02264,0.02161
2023-04-06 20:00:00,0.02182,0.02159,0.02196,0.02114
2023-04-07 00:00:00,0.02161,0.02172,0.02179,0.02153
2023-04-07 04:00:00,0.02173,0.02176,0.02179,0.02172
2023-04-07 08:00:00,0.02176,0.02128,0.02176,0.02106
2023-04-07 12:00:00,0.02131,0.02123,0.02157,0.021
2023-04-07 16:00:00,0.02123,0.02121,0.02142,0.02089
2023-04-07 20:00:00,0.02121,0.02129,0.02133,0.02121
2023-04-08 00:00:00,0.0213,0.02135,0.02138,0.02103
2023-04-08 04:00:00,0.02135,0.02139,0.02143,0.0213
2023-04-08 08:00:00,0.02139,0.02144,0.0215,0.02125
2023-04-08 12:00:00,0.02144,0.02133,0.02189,0.02096
2023-04-08 16:00:00,0.02133,0.02155,0.02163,0.02096
2023-04-08 20:00:00,0.02154,0.02156,0.02188,0.02144
2023-04-09 00:00:00,0.02145,0.02167,0.02176,0.02144
2023-04-09 04:00:00,0.02167,0.02168,0.02189,0.02161
2023-04-09 08:00:00,0.02167,0.02147,0.02171,0.02131
2023-04-09 12:00:00,0.02139,0.02143,0.02157,0.02128
2023-04-09 16:00:00,0.02145,0.02185,0.02195,0.02144
2023-04-09 20:00:00,0.02179,0.02179,0.02198,0.02174
2023-04-10 00:00:00,0.02177,0.0213,0.02191,0.0209
2023-04-10 04:00:00,0.0213,0.02129,0.02133,0.02127
2023-04-10 08:00:00,0.0213,0.02104,0.02181,0.02082
2023-04-10 12:00:00,0.02103,0.02105,0.02127,0.02101
2023-04-10 16:00:00,0.02104,0.02132,0.02159,0.02102
2023-04-10 20:00:00,0.02125,0.02153,0.0219,0.02118
2023-04-11 00:00:00,0.0215,0.02194,0.02205,0.02138
2023-04-11 04:00:00,0.02195,0.02185,0.02206,0.02176
2023-04-11 08:00:00,0.02185,0.02179,0.022,0.02176
2023-04-11 12:00:00,0.02178,0.02174,0.0218,0.02173
2023-04-11 16:00:00,0.02174,0.02161,0.02175,0.02139
2023-04-11 20:00:00,0.0216,0.02151,0.02175,0.02151
2023-04-12 00:00:00,0.02152,0.02098,0.02163,0.02066
2023-04-12 04:00:00,0.02097,0.02084,0.02107,0.02079
2023-04-12 08:00:00,0.02084,0.02093,0.0211,0.02084
2023-04-12 12:00:00,0.02092,0.02129,0.0215,0.02082
2023-04-12 16:00:00,0.02128,0.02126,0.02142,0.02116
2023-04-12 20:00:00,0.02129,0.0215,0.0215,0.02124
2023-04-13 00:00:00,0.0215,0.02138,0.0215,0.02108
2023-04-13 04:00:00,0.02138,0.02184,0.02184,0.02138
2023-04-13 08:00:00,0.02179,0.022,0.022,0.02163
2023-04-13 12:00:00,0.02195,0.02172,0.022,0.02149
2023-04-13 16:00:00,0.02175,0.02228,0.02297,0.02175
2023-04-13 20:00:00,0.02227,0.02259,0.02277,0.0222
2023-04-14 00:00:00,0.02258,0.02307,0.02353,0.02231
2023-04-14 04:00:00,0.02307,0.02319,0.02353,0.02306
2023-04-14 08:00:00,0.02319,0.02314,0.02327,0.02301
2023-04-14 12:00:00,0.02311,0.02306,0.02377,0.02301
2023-04-14 16:00:00,0.02307,0.02269,0.02307,0.0223
2023-04-14 20:00:00,0.02269,0.0223,0.02289,0.022
2023-04-15 00:00:00,0.02234,0.02196,0.0224,0.02193
2023-04-15 04:00:00,0.02196,0.02195,0.02217,0.02147
2023-04-15 08:00:00,0.02193,0.02262,0.02288,0.02193
2023-04-15 12:00:00,0.02261,0.02255,0.02279,0.02216
2023-04-15 16:00:00,0.02255,0.02241,0.02264,0.02229
2023-04-15 20:00:00,0.02241,0.02203,0.02244,0.02201
2023-04-16 00:00:00,0.02204,0.02209,0.02221,0.02199
2023-04-16 04:00:00,0.02212,0.02231,0.02234,0.02207
2023-04-16 08:00:00,0.02231,0.02248,0.02248,0.02215
2023-04-16 12:00:00,0.02229,0.02236,0.02249,0.0222
2023-04-16 16:00:00,0.02238,0.02239,0.02257,0.02223
2023-04-16 20:00:00,0.02252,0.02237,0.02271,0.02237
2023-04-17 00:00:00,0.02255,0.02264,0.02277,0.02229
2023-04-17 04:00:00,0.0225,0.02236,0.02264,0.02231
2023-04-17 08:00:00,0.02236,0.02198,0.02236,0.02186
2023-04-17 12:00:00,0.02197,0.02159,0.02197,0.02141
2023-04-17 16:00:00,0.02159,0.02131,0.02159,0.02111
2023-04-17 20:00:00,0.02125,0.02133,0.0215,0.02101
2023-04-18 00:00:00,0.02134,0.02121,0.02135,0.02101
2023-04-18 04:00:00,0.02121,0.02127,0.02155,0.021
2023-04-18 08:00:00,0.02127,0.02143,0.02154,0.02125
2023-04-18 12:00:00,0.02145,0.02101,0.02146,0.021
2023-04-18 16:00:00,0.02101,0.02134,0.02138,0.02101
2023-04-18 20:00:00,0.02117,0.02096,0.02155,0.02076
2023-04-19 00:00:00,0.02096,0.02081,0.021,0.02075
2023-04-19 04:00:00,0.02082,0.02077,0.02103,0.02026
2023-04-19 08:00:00,0.02077,0.02034,0.02077,0.02003
2023-04-19 12:00:00,0.0203,0.02039,0.02067,0.02015
2023-04-19 16:00:00,0.02035,0.02024,0.02054,0.0202
2023-04-19 20:00:00,0.02024,0.01989,0.02025,0.01988
2023-04-20 00:00:00,0.01989,0.02004,0.02012,0.0196
2023-04-20 04:00:00,0.02004,0.01999,0.02025,0.01996
2023-04-20 08:00:00,0.02012,0.01981,0.02012,0.01901
2023-04-20 12:00:00,0.01982,0.0197,0.02056,0.01952
2023-04-20 16:00:00,0.0197,0.01911,0.01987,0.019
2023-04-20 20:00:00,0.01912,0.01843,0.01937,0.01837
2023-04-21 00:00:00,0.01842,0.01853,0.01877,0.01821
2023-04-21 04:00:00,0.01854,0.01878,0.01913,0.01815
2023-04-21 08:00:00,0.01878,0.01875,0.01905,0.01851
2023-04-21 12:00:00,0.01876,0.01924,0.01927,0.01871
2023-04-21 16:00:00,0.01922,0.01904,0.01985,0.019
2023-04-21 20:00:00,0.01906,0.01888,0.01921,0.01886
2023-04-22 00:00:00,0.01894,0.01909,0.01911,0.01888
2023-04-22 04:00:00,0.01908,0.01919,0.01946,0.01908
2023-04-22 08:00:00,0.01918,0.01933,0.01976,0.01914
2023-04-22 12:00:00,0.01932,0.01939,0.01984,0.01924
2023-04-22 16:00:00,0.01938,0.01922,0.01981,0.0191
2023-04-22 20:00:00,0.01924,0.01986,0.02018,0.01905
2023-04-23 00:00:00,0.01987,0.01983,0.0199,0.01981
2023-04-23 04:00:00,0.01983,0.01986,0.02012,0.01982
2023-04-23 08:00:00,0.01987,0.01992,0.01993,0.01982
2023-04-23 12:00:00,0.01992,0.02011,0.02066,0.01989
2023-04-23 16:00:00,0.02011,0.01996,0.02018,0.01983
2023-04-23 20:00:00,0.01996,0.02014,0.02027,0.01992
2023-04-24 00:00:00,0.02009,0.01956,0.02015,0.01929
2023-04-24 04:00:00,0.01955,0.0192,0.01957,0.019
2023-04-24 08:00:00,0.01918,0.01893,0.01918,0.01882
2023-04-24 12:00:00,0.01893,0.01876,0.01918,0.01851
2023-04-24 16:00:00,0.01876,0.01877,0.01886,0.01852
2023-04-24 20:00:00,0.01877,0.01898,0.01918,0.01877
2023-04-25 00:00:00,0.01898,0.0188,0.01918,0.01874
2023-04-25 04:00:00,0.01885,0.01864,0.0189,0.01853
2023-04-25 08:00:00,0.01863,0.01864,0.01875,0.01856
2023-04-25 12:00:00,0.01864,0.01891,0.01925,0.01852
2023-04-25 16:00:00,0.01892,0.01879,0.01899,0.0186
2023-04-25 20:00:00,0.01878,0.01906,0.01922,0.01872
2023-04-26 00:00:00,0.01912,0.01921,0.01941,0.01895
2023-04-26 04:00:00,0.01926,0.0191,0.01943,0.01909
2023-04-26 08:00:00,0.0191,0.01903,0.01922,0.01891
2023-04-26 12:00:00,0.01903,0.01916,0.01941,0.019
2023-04-26 16:00:00,0.0191,0.01891,0.01946,0.0188
2023-04-26 20:00:00,0.0189,0.01895,0.01905,0.01851
2023-04-27 00:00:00,0.01892,0.01891,0.01944,0.01868
2023-04-27 04:00:00,0.01891,0.01902,0.01926,0.01888
2023-04-27 08:00:00,0.01903,0.01893,0.01944,0.0189
2023-04-27 12:00:00,0.01892,0.01886,0.01895,0.01882
2023-04-27 16:00:00,0.01886,0.01906,0.01915,0.01884
2023-04-27 20:00:00,0.01902,0.01894,0.01913,0.01869
2023-04-28 00:00:00,0.01893,0.01861,0.01908,0.01853
2023-04-28 04:00:00,0.01864,0.01862,0.01879,0.01851
2023-04-28 08:00:00,0.0186,0.01849,0.01929,0.01831
2023-04-28 12:00:00,0.01849,0.01862,0.01896,0.01831
2023-04-28 16:00:00,0.01864,0.01843,0.01874,0.01841
2023-04-28 20:00:00,0.01844,0.01846,0.01856,0.0184
2023-04-29 00:00:00,0.01847,0.01846,0.0185,0.0184
2023-04-29 04:00:00,0.01846,0.01849,0.01857,0.01846
2023-04-29 08:00:00,0.01849,0.01827,0.01852,0.0181
2023-04-29 12:00:00,0.01827,0.01822,0.01829,0.01811
2023-04-29 16:00:00,0.01823,0.0179,0.0183,0.01788
2023-04-29 20:00:00,0.01789,0.01772,0.01821,0.01761
2023-04-30 00:00:00,0.01771,0.0178,0.01829,0.01769
2023-04-30 04:00:00,0.01781,0.01794,0.018,0.01781
2023-04-30 08:00:00,0.01794,0.01784,0.0182,0.01781
2023-04-30 12:00:00,0.01792,0.01789,0.0182,0.0178
2023-04-30 16:00:00,0.01793,0.01811,0.01829,0.0178
2023-04-30 20:00:00,0.01814,0.01805,0.01823,0.01804
2023-05-01 00:00:00,0.01807,0.01802,0.01814,0.01801
2023-05-01 04:00:00,0.01802,0.018,0.01802,0.01799
2023-05-01 08:00:00,0.018,0.01787,0.01812,0.01783
2023-05-01 12:00:00,0.01788,0.01791,0.01828,0.01782
2023-05-01 16:00:00,0.01795,0.01781,0.01824,0.0178
2023-05-01 20:00:00,0.01787,0.01785,0.01808,0.0178
2023-05-02 00:00:00,0.01794,0.01762,0.01796,0.01762
2023-05-02 04:00:00,0.01765,0.01768,0.01792,0.01762
2023-05-02 08:00:00,0.01768,0.01776,0.01789,0.01766
2023-05-02 12:00:00,0.01775,0.01776,0.01785,0.01766
2023-05-02 16:00:00,0.01775,0.01779,0.01798,0.01766
2023-05-02 20:00:00,0.01778,0.01769,0.01787,0.01766
2023-05-03 00:00:00,0.0177,0.0175,0.0177,0.01696
2023-05-03 04:00:00,0.0175,0.01734,0.0175,0.01731
2023-05-03 08:00:00,0.01737,0.01729,0.01743,0.01729
2023-05-03 12:00:00,0.01728,0.01721,0.01728,0.01695
2023-05-03 16:00:00,0.01721,0.0172,0.01727,0.01679
2023-05-03 20:00:00,0.0172,0.01704,0.01722,0.01684
2023-05-04 00:00:00,0.01704,0.01708,0.01714,0.01703
2023-05-04 04:00:00,0.01709,0.01713,0.01726,0.01709
2023-05-04 08:00:00,0.01712,0.01727,0.01728,0.01706
2023-05-04 12:00:00,0.01727,0.01738,0.0174,0.01727
2023-05-04 16:00:00,0.01738,0.01738,0.0174,0.01737
2023-05-04 20:00:00,0.01738,0.01754,0.01929,0.01738
2023-05-05 00:00:00,0.01752,0.01778,0.01803,0.01752
2023-05-05 04:00:00,0.0178,0.01777,0.01789,0.01774
2023-05-05 08:00:00,0.01779,0.01754,0.01781,0.01743
2023-05-05 12:00:00,0.01753,0.01709,0.01762,0.01706
2023-05-05 16:00:00,0.01709,0.01682,0.01739,0.01672
2023-05-05 20:00:00,0.01682,0.01694,0.01707,0.01671
2023-05-06 00:00:00,0.01688,0.01684,0.01692,0.01671
2023-05-06 04:00:00,0.01684,0.01677,0.01684,0.01667
2023-05-06 08:00:00,0.01678,0.01666,0.01729,0.01659
2023-05-06 12:00:00,0.01665,0.01644,0.01675,0.01613
2023-05-06 16:00:00,0.01644,0.01675,0.01675,0.01623
2023-05-06 20:00:00,0.01671,0.01673,0.01723,0.01638
2023-05-07 00:00:00,0.01674,0.0165,0.01694,0.01632
2023-05-07 04:00:00,0.01648,0.01662,0.01664,0.01642
2023-05-07 08:00:00,0.01662,0.01633,0.01666,0.01621
2023-05-07 12:00:00,0.01638,0.01656,0.01663,0.0163
2023-05-07 16:00:00,0.01656,0.01657,0.01659,0.01645
2023-05-07 20:00:00,0.01657,0.01645,0.01658,0.01642
2023-05-08 00:00:00,0.01644,0.01608,0.01648,0.01608
2023-05-08 04:00:00,0.01617,0.01612,0.01637,0.01601
2023-05-08 08:00:00,0.01612,0.01601,0.01613,0.016
2023-05-08 12:00:00,0.016,0.016,0.01601,0.016
2023-05-08 16:00:00,0.016,0.01612,0.01627,0.016
2023-05-08 20:00:00,0.01612,0.01613,0.01644,0.016
2023-05-09 00:00:00,0.01613,0.01611,0.01622,0.016
2023-05-09 04:00:00,0.01603,0.01605,0.01614,0.016
2023-05-09 08:00:00,0.01605,0.01612,0.01614,0.01592
2023-05-09 12:00:00,0.01612,0.01593,0.01636,0.0158
2023-05-09 16:00:00,0.01589,0.01599,0.01606,0.01582
2023-05-09 20:00:00,0.01597,0.01572,0.01601,0.01556
2023-05-10 00:00:00,0.01575,0.01588,0.01595,0.01569
2023-05-10 04:00:00,0.01587,0.01581,0.01589,0.01577
2023-05-10 08:00:00,0.01581,0.01597,0.0162,0.01566
2023-05-10 12:00:00,0.0159,0.01552,0.01617,0.01537
2023-05-10 16:00:00,0.01554,0.01539,0.01562,0.01501
2023-05-10 20:00:00,0.01539,0.01537,0.0159,0.01531
2023-05-11 00:00:00,0.01537,0.01543,0.01574,0.01535
2023-05-11 04:00:00,0.01543,0.01586,0.0162,0.01535
2023-05-11 08:00:00,0.01587,0.01582,0.01602,0.01556
2023-05-11 12:00:00,0.01579,0.01593,0.01669,0.01573
2023-05-11 16:00:00,0.01594,0.01607,0.01617,0.01577
2023-05-11 20:00:00,0.01606,0.01595,0.01665,0.0158
2023-05-12 00:00:00,0.01595,0.01593,0.01634,0.01585
2023-05-12 04:00:00,0.01593,0.01603,0.01619,0.0155
2023-05-12 08:00:00,0.01603,0.01589,0.01606,0.0156
2023-05-12 12:00:00,0.01588,0.01622,0.01668,0.0158
2023-05-12 16:00:00,0.01622,0.01629,0.01644,0.01594
2023-05-12 20:00:00,0.01632,0.01618,0.0164,0.01607
2023-05-13 00:00:00,0.0163,0.01617,0.0163,0.0161
2023-05-13 04:00:00,0.01617,0.01631,0.01637,0.01617
2023-05-13 08:00:00,0.0163,0.01619,0.01635,0.01602
2023-05-13 12:00:00,0.01621,0.0163,0.01642,0.01613
2023-05-13 16:00:00,0.0163,0.01678,0.01688,0.01624
2023-05-13 20:00:00,0.01675,0.01675,0.0169,0.01652
2023-05-14 00:00:00,0.01675,0.01647,0.01677,0.0164
2023-05-14 04:00:00,0.01651,0.01635,0.01674,0.01631
2023-05-14 08:00:00,0.01633,0.01644,0.01675,0.01633
2023-05-14 12:00:00,0.01642,0.0165,0.01651,0.01638
2023-05-14 16:00:00,0.01651,0.01622,0.01651,0.01613
2023-05-14 20:00:00,0.01627,0.01625,0.01634,0.01588
2023-05-15 00:00:00,0.01624,0.01588,0.01632,0.01564
2023-05-15 04:00:00,0.01589,0.01614,0.01622,0.01585
2023-05-15 08:00:00,0.01613,0.01624,0.01658,0.01592
2023-05-15 12:00:00,0.01629,0.01678,0.01689,0.01615
2023-05-15 16:00:00,0.0168,0.01714,0.0173,0.01669
2023-05-15 20:00:00,0.01714,0.01726,0.01759,0.01711
2023-05-16 00:00:00,0.01723,0.01689,0.01727,0.01682
2023-05-16 04:00:00,0.0169,0.01731,0.01759,0.01686
2023-05-16 08:00:00,0.01734,0.01679,0.01734,0.01664
2023-05-16 12:00:00,0.01675,0.01681,0.01693,0.01669
2023-05-16 16:00:00,0.01685,0.01673,0.01686,0.01646
2023-05-16 20:00:00,0.01673,0.01672,0.01677,0.01669
2023-05-17 00:00:00,0.01673,0.01692,0.01692,0.01671
2023-05-17 04:00:00,0.01692,0.01673,0.01693,0.01656
2023-05-17 08:00:00,0.01668,0.01651,0.01695,0.0162
2023-05-17 12:00:00,0.01649,0.01634,0.0167,0.01621
2023-05-17 16:00:00,0.01637,0.01636,0.01651,0.01619
2023-05-17 20:00:00,0.01636,0.01629,0.01636,0.01622
2023-05-18 00:00:00,0.01626,0.01657,0.01666,0.01619
2023-05-18 04:00:00,0.01659,0.01655,0.0168,0.01649
2023-05-18 08:00:00,0.01655,0.01656,0.0169,0.01632
2023-05-18 12:00:00,0.01662,0.01672,0.01691,0.01655
2023-05-18 16:00:00,0.01678,0.01691,0.017,0.0167
2023-05-18 20:00:00,0.01691,0.01734,0.01759,0.0169
2023-05-19 00:00:00,0.01733,0.01728,0.0174,0.01714
2023-05-19 04:00:00,0.01728,0.01727,0.01758,0.01723
2023-05-19 08:00:00,0.01726,0.01739,0.01835,0.01725
2023-05-19 12:00:00,0.0174,0.01744,0.01795,0.01721
2023-05-19 16:00:00,0.01745,0.01699,0.01751,0.01673
2023-05-19 20:00:00,0.01697,0.01681,0.01701,0.01673
2023-05-20 00:00:00,0.01694,0.0168,0.01694,0.0164
2023-05-20 04:00:00,0.0168,0.01666,0.0168,0.0166
2023-05-20 08:00:00,0.01663,0.01654,0.01664,0.01642
2023-05-20 12:00:00,0.01648,0.01654,0.01656,0.01641
2023-05-20 16:00:00,0.01654,0.01686,0.0173,0.01653
2023-05-20 20:00:00,0.01685,0.01673,0.01694,0.01669
2023-05-21 00:00:00,0.01674,0.01666,0.01691,0.01661
2023-05-21 04:00:00,0.01662,0.01665,0.01667,0.01656
2023-05-21 08:00:00,0.01665,0.01672,0.01696,0.01664
2023-05-21 12:00:00,0.01672,0.01732,0.01787,0.01639
2023-05-21 16:00:00,0.01726,0.01722,0.01736,0.01666
2023-05-21 20:00:00,0.01723,0.01725,0.01728,0.01722
2023-05-22 00:00:00,0.01727,0.01722,0.01729,0.01721
2023-05-22 04:00:00,0.01722,0.01729,0.01735,0.01721
2023-05-22 08:00:00,0.01728,0.01748,0.01797,0.01724
2023-05-22 12:00:00,0.01748,0.01724,0.01771,0.01717
2023-05-22 16:00:00,0.01722,0.01729,0.01733,0.01716
2023-05-22 20:00:00,0.01731,0.01738,0.01769,0.01723
2023-05-23 00:00:00,0.01742,0.01735,0.01749,0.01727
2023-05-23 04:00:00,0.01734,0.01758,0.01786,0.01727
2023-05-23 08:00:00,0.0176,0.01732,0.01761,0.01721
2023-05-23 12:00:00,0.01732,0.01679,0.01733,0.01654
2023-05-23 16:00:00,0.01678,0.01696,0.01759,0.01671
2023-05-23 20:00:00,0.01693,0.01682,0.01711,0.01675
2023-05-24 00:00:00,0.01687,0.01675,0.01697,0.01664
2023-05-24 04:00:00,0.01676,0.01675,0.01676,0.01674
2023-05-24 08:00:00,0.01676,0.01661,0.01737,0.01636
2023-05-24 12:00:00,0.0166,0.01617,0.01666,0.016
2023-05-24 16:00:00,0.01619,0.01631,0.01649,0.01614
2023-05-24 20:00:00,0.0163,0.01629,0.01643,0.01615
2023-05-25 00:00:00,0.01627,0.01621,0.01629,0.01614
2023-05-25 04:00:00,0.0162,0.01623,0.0163,0.01618
2023-05-25 08:00:00,0.01622,0.01616,0.01624,0.01607
2023-05-25 12:00:00,0.01616,0.01599,0.01617,0.01573
2023-05-25 16:00:00,0.01598,0.01597,0.01599,0.01592
2023-05-25 20:00:00,0.01597,0.0159,0.01598,0.0159
2023-05-26 00:00:00,0.01597,0.01601,0.01648,0.01591
2023-05-26 04:00:00,0.01605,0.01608,0.01608,0.01601
2023-05-26 08:00:00,0.01607,0.0163,0.01665,0.01607
2023-05-26 12:00:00,0.01631,0.01646,0.01681,0.01622
2023-05-26 16:00:00,0.01651,0.01626,0.01668,0.01624
2023-05-26 20:00:00,0.01625,0.01629,0.01637,0.01623
2023-05-27 00:00:00,0.01634,0.0164,0.01646,0.01621
2023-05-27 04:00:00,0.01641,0.01636,0.01647,0.01622
2023-05-27 08:00:00,0.01637,0.01654,0.01688,0.01633
2023-05-27 12:00:00,0.01659,0.01675,0.01677,0.0165
2023-05-27 16:00:00,0.01662,0.0165,0.01677,0.0165
2023-05-27 20:00:00,0.01653,0.01651,0.01656,0.0163
2023-05-28 00:00:00,0.01635,0.01658,0.01658,0.01634
2023-05-28 04:00:00,0.01657,0.0165,0.01689,0.0165
2023-05-28 08:00:00,0.0165,0.01657,0.01658,0.01633
2023-05-28 12:00:00,0.01643,0.0164,0.01657,0.0164
2023-05-28 16:00:00,0.01641,0.01657,0.01657,0.01638
2023-05-28 20:00:00,0.01644,0.01673,0.01691,0.01643
2023-05-29 00:00:00,0.0169,0.01671,0.0169,0.01667
2023-05-29 04:00:00,0.01682,0.01666,0.01687,0.01646
2023-05-29 08:00:00,0.01672,0.01633,0.01681,0.01632
2023-05-29 12:00:00,0.0165,0.01641,0.01664,0.01631
2023-05-29 16:00:00,0.01649,0.01631,0.01655,0.0163
2023-05-29 20:00:00,0.01638,0.01633,0.01647,0.01629
2023-05-30 00:00:00,0.01631,0.01625,0.01645,0.01614
2023-05-30 04:00:00,0.01616,0.01618,0.01636,0.01616
2023-05-30 08:00:00,0.01618,0.01609,0.01618,0.01608
2023-05-30 12:00:00,0.01615,0.01597,0.01617,0.01596
2023-05-30 16:00:00,0.01607,0.01592,0.01607,0.01592
2023-05-30 20:00:00,0.01601,0.01595,0.01607,0.01592
2023-05-31 00:00:00,0.01595,0.01602,0.01607,0.01593
2023-05-31 04:00:00,0.01602,0.01573,0.01612,0.01552
2023-05-31 08:00:00,0.01573,0.01579,0.01581,0.01564
2023-05-31 12:00:00,0.01581,0.01576,0.01586,0.01575
2023-05-31 16:00:00,0.01585,0.01561,0.01592,0.01546
2023-05-31 20:00:00,0.01549,0.01569,0.0157,0.01549
2023-06-01 00:00:00,0.01569,0.01561,0.01571,0.01549
2023-06-01 04:00:00,0.01561,0.01569,0.01599,0.01561
2023-06-01 08:00:00,0.01565,0.01561,0.01618,0.01537
2023-06-01 12:00:00,0.01549,0.01555,0.01573,0.01532
2023-06-01 16:00:00,0.01557,0.01572,0.01577,0.01557
2023-06-01 20:00:00,0.01562,0.01591,0.01596,0.01562
2023-06-02 00:00:00,0.01592,0.01584,0.01596,0.01579
2023-06-02 04:00:00,0.01594,0.01592,0.01594,0.01584
2023-06-02 08:00:00,0.01592,0.01601,0.01618,0.01592
2023-06-02 12:00:00,0.01613,0.01625,0.01669,0.01601
2023-06-02 16:00:00,0.01608,0.0165,0.01682,0.01607
2023-06-02 20:00:00,0.01656,0.01666,0.01682,0.01641
2023-06-03 00:00:00,0.01655,0.01658,0.01667,0.01642
2023-06-03 04:00:00,0.01657,0.01646,0.01657,0.01638
2023-06-03 08:00:00,0.01646,0.01636,0.01646,0.0162
2023-06-03 12:00:00,0.01621,0.01636,0.01647,0.01618
2023-06-03 16:00:00,0.01618,0.01645,0.01651,0.01618
2023-06-03 20:00:00,0.01632,0.01638,0.01664,0.01624
2023-06-04 00:00:00,0.01624,0.01625,0.01639,0.01624
2023-06-04 04:00:00,0.01636,0.01621,0.01637,0.016
2023-06-04 08:00:00,0.01602,0.0162,0.01625,0.01601
2023-06-04 12:00:00,0.01608,0.01628,0.01632,0.01608
2023-06-04 16:00:00,0.0162,0.01603,0.01637,0.01592
2023-06-04 20:00:00,0.01603,0.01593,0.01621,0.01585
2023-06-05 00:00:00,0.01603,0.01549,0.01604,0.01535
2023-06-05 04:00:00,0.01549,0.01552,0.01562,0.01549
2023-06-05 08:00:00,0.0156,0.01562,0.01594,0.01552
2023-06-05 12:00:00,0.01576,0.01543,0.01603,0.01539
2023-06-05 16:00:00,0.01545,0.01485,0.01546,0.01452
2023-06-05 20:00:00,0.01485,0.01471,0.01485,0.01448
2023-06-06 00:00:00,0.01463,0.01474,0.01494,0.0146
2023-06-06 04:00:00,0.01473,0.01459,0.0149,0.01454
2023-06-06 08:00:00,0.01469,0.01458,0.0147,0.01458
2023-06-06 12:00:00,0.0146,0.01469,0.0149,0.01436
2023-06-06 16:00:00,0.01479,0.01502,0.01514,0.01469
2023-06-06 20:00:00,0.0149,0.01547,0.01562,0.01488
2023-06-07 00:00:00,0.01533,0.0156,0.01586,0.01528
2023-06-07 04:00:00,0.01555,0.01552,0.01564,0.01552
2023-06-07 08:00:00,0.01559,0.01529,0.01562,0.01483
2023-06-07 12:00:00,0.0152,0.01499,0.01529,0.01473
2023-06-07 16:00:00,0.01497,0.01517,0.01518,0.01472
2023-06-07 20:00:00,0.01517,0.01499,0.01547,0.01498
2023-06-08 00:00:00,0.01514,0.01521,0.01522,0.01499
2023-06-08 04:00:00,0.01507,0.01519,0.01521,0.01506
2023-06-08 08:00:00,0.01507,0.01526,0.01526,0.01507
2023-06-08 12:00:00,0.0151,0.01506,0.01526,0.01473
2023-06-08 16:00:00,0.01513,0.01514,0.01517,0.01494
2023-06-08 20:00:00,0.01514,0.0151,0.01546,0.01504
2023-06-09 00:00:00,0.0151,0.01486,0.01526,0.0146
2023-06-09 04:00:00,0.01471,0.01493,0.01514,0.01471
2023-06-09 08:00:00,0.0148,0.01485,0.01493,0.01474
2023-06-09 12:00:00,0.01474,0.01502,0.01503,0.01474
2023-06-09 16:00:00,0.01501,0.01493,0.01503,0.01488
2023-06-09 20:00:00,0.0149,0.01502,0.01503,0.01483
2023-06-10 00:00:00,0.015,0.01473,0.01501,0.01473
2023-06-10 04:00:00,0.01485,0.01352,0.01485,0.01348
2023-06-10 08:00:00,0.01365,0.01358,0.01398,0.01326
2023-06-10 12:00:00,0.01356,0.01309,0.0136,0.01302
2023-06-10 16:00:00,0.01316,0.01238,0.0132,0.01217
2023-06-10 20:00:00,0.01235,0.01219,0.0125,0.01183
2023-06-11 00:00:00,0.01216,0.01247,0.0126,0.01205
2023-06-11 04:00:00,0.01248,0.01228,0.01248,0.01203
2023-06-11 08:00:00,0.01229,0.01265,0.01282,0.01225
2023-06-11 12:00:00,0.01265,0.01248,0.01295,0.01236
2023-06-11 16:00:00,0.01243,0.01236,0.01274,0.0123
2023-06-11 20:00:00,0.01232,0.01255,0.01282,0.01231
2023-06-12 00:00:00,0.01255,0.01234,0.01269,0.0121
2023-06-12 04:00:00,0.01239,0.0119,0.01253,0.01179
2023-06-12 08:00:00,0.01182,0.01227,0.01239,0.0118
2023-06-12 12:00:00,0.0123,0.01216,0.01239,0.01211
2023-06-12 16:00:00,0.01224,0.01213,0.01226,0.01208
2023-06-12 20:00:00,0.01213,0.0122,0.0122,0.01211
2023-06-13 00:00:00,0.0122,0.01216,0.01222,0.01211
2023-06-13 04:00:00,0.01217,0.01226,0.01229,0.01217
2023-06-13 08:00:00,0.01226,0.0123,0.01237,0.01221
2023-06-13 12:00:00,0.01233,0.01261,0.01268,0.01228
2023-06-13 16:00:00,0.01261,0.01252,0.01261,0.01245
2023-06-13 20:00:00,0.01254,0.01275,0.01309,0.01233
2023-06-14 00:00:00,0.01274,0.01244,0.0129,0.01226
2023-06-14 04:00:00,0.01246,0.01257,0.01278,0.01233
2023-06-14 08:00:00,0.01258,0.01301,0.01318,0.01242
2023-06-14 12:00:00,0.01301,0.01296,0.01303,0.0127
2023-06-14 16:00:00,0.01293,0.01283,0.01303,0.01269
2023-06-14 20:00:00,0.01286,0.01225,0.01289,0.01192
2023-06-15 00:00:00,0.01213,0.01213,0.01229,0.01201
2023-06-15 04:00:00,0.01206,0.01195,0.01256,0.01177
2023-06-15 08:00:00,0.01191,0.01206,0.01213,0.01181
2023-06-15 12:00:00,0.01211,0.0127,0.01289,0.01206
2023-06-15 16:00:00,0.0127,0.0134,0.01408,0.0127
2023-06-15 20:00:00,0.01341,0.01358,0.01408,0.01321
2023-06-16 00:00:00,0.01357,0.01279,0.01358,0.01268
2023-06-16 04:00:00,0.01281,0.01247,0.01285,0.01235
2023-06-16 08:00:00,0.01247,0.01247,0.0128,0.01239
2023-06-16 12:00:00,0.01246,0.01286,0.01306,0.01246
2023-06-16 16:00:00,0.01282,0.01289,0.0129,0.01262
2023-06-16 20:00:00,0.01286,0.013,0.01355,0.01283
2023-06-17 00:00:00,0.013,0.01308,0.01386,0.01289
2023-06-17 04:00:00,0.01306,0.01299,0.01346,0.01299
2023-06-17 08:00:00,0.01304,0.01268,0.01305,0.01264
2023-06-17 12:00:00,0.01276,0.01257,0.01279,0.01255
2023-06-17 16:00:00,0.01257,0.01253,0.01259,0.01244
2023-06-17 20:00:00,0.01253,0.01244,0.01254,0.01241
2023-06-18 00:00:00,0.01241,0.01255,0.0126,0.0124
2023-06-18 04:00:00,0.01257,0.01271,0.01279,0.01257
2023-06-18 08:00:00,0.01276,0.01266,0.01276,0.0126
2023-06-18 12:00:00,0.01266,0.01281,0.01283,0.01264
2023-06-18 16:00:00,0.01279,0.01306,0.01337,0.01277
2023-06-18 20:00:00,0.01299,0.01305,0.01308,0.01298
2023-06-19 00:00:00,0.01306,0.01292,0.01308,0.01291
2023-06-19 04:00:00,0.01297,0.01296,0.01297,0.01292
2023-06-19 08:00:00,0.01296,0.01304,0.01312,0.01296
2023-06-19 12:00:00,0.01304,0.01276,0.01304,0.0127
2023-06-19 16:00:00,0.01276,0.01296,0.01355,0.01256
2023-06-19 20:00:00,0.01296,0.01279,0.01296,0.01267
2023-06-20 00:00:00,0.01273,0.01278,0.01286,0.01272
2023-06-20 04:00:00,0.01277,0.01274,0.01286,0.01255
2023-06-20 08:00:00,0.01272,0.01266,0.0129,0.01258
2023-06-20 12:00:00,0.01266,0.01273,0.01274,0.01264
2023-06-20 16:00:00,0.01273,0.0128,0.01285,0.01265
2023-06-20 20:00:00,0.01272,0.01288,0.01297,0.01271
2023-06-21 00:00:00,0.01288,0.01306,0.01319,0.01271
2023-06-21 04:00:00,0.01316,0.01292,0.0132,0.01286
2023-06-21 08:00:00,0.01296,0.01277,0.01298,0.01272
2023-06-21 12:00:00,0.01272,0.01295,0.01299,0.01258
2023-06-21 16:00:00,0.01296,0.01296,0.01306,0.01289
2023-06-21 20:00:00,0.013,0.01306,0.01306,0.01294
2023-06-22 00:00:00,0.01306,0.0133,0.01331,0.01301
2023-06-22 04:00:00,0.0133,0.01309,0.0133,0.01297
2023-06-22 08:00:00,0.01302,0.0135,0.01383,0.01297
2023-06-22 12:00:00,0.01351,0.01348,0.01428,0.01333
2023-06-22 16:00:00,0.01339,0.01406,0.01493,0.01339
2023-06-22 20:00:00,0.01406,0.01405,0.01446,0.01389
2023-06-23 00:00:00,0.01393,0.0143,0.01445,0.01392
2023-06-23 04:00:00,0.01421,0.01403,0.0144,0.01398
2023-06-23 08:00:00,0.01402,0.01447,0.01552,0.01402
2023-06-23 12:00:00,0.01442,0.01446,0.01458,0.01432
2023-06-23 16:00:00,0.01445,0.01453,0.01476,0.01431
2023-06-23 20:00:00,0.01464,0.01477,0.01521,0.01441
2023-06-24 00:00:00,0.01477,0.01477,0.01511,0.01452
2023-06-24 04:00:00,0.01477,0.01462,0.01479,0.01452
2023-06-24 08:00:00,0.01454,0.01475,0.01522,0.01448
2023-06-24 12:00:00,0.01474,0.01377,0.01474,0.01369
2023-06-24 16:00:00,0.01386,0.01437,0.01447,0.01364
2023-06-24 20:00:00,0.0144,0.01398,0.01448,0.01384
2023-06-25 00:00:00,0.01398,0.01434,0.01438,0.01395
2023-06-25 04:00:00,0.01433,0.01424,0.01447,0.01405
2023-06-25 08:00:00,0.01421,0.01455,0.01456,0.0142
2023-06-25 12:00:00,0.01443,0.01418,0.01455,0.01413
2023-06-25 16:00:00,0.01426,0.01439,0.0144,0.01418
2023-06-25 20:00:00,0.01432,0.01446,0.01468,0.01432
2023-06-26 00:00:00,0.01432,0.01441,0.01456,0.01431
2023-06-26 04:00:00,0.01441,0.0142,0.01457,0.01406
2023-06-26 08:00:00,0.01421,0.01402,0.01436,0.014
2023-06-26 12:00:00,0.0141,0.01426,0.01431,0.01369
2023-06-26 16:00:00,0.01418,0.01386,0.01427,0.01375
2023-06-26 20:00:00,0.01376,0.01396,0.01397,0.01374
2023-06-27 00:00:00,0.01387,0.01392,0.0141,0.01382
2023-06-27 04:00:00,0.01392,0.01378,0.01406,0.01378
2023-06-27 08:00:00,0.01377,0.01433,0.01436,0.01376
2023-06-27 12:00:00,0.01432,0.01418,0.01435,0.014
2023-06-27 16:00:00,0.01415,0.01428,0.01434,0.01415
2023-06-27 20:00:00,0.01428,0.01428,0.01429,0.01419
2023-06-28 00:00:00,0.01428,0.01434,0.01435,0.01418
2023-06-28 04:00:00,0.01434,0.01469,0.01474,0.01419
2023-06-28 08:00:00,0.01469,0.01486,0.01504,0.0145
2023-06-28 12:00:00,0.01486,0.01485,0.015,0.01447
2023-06-28 16:00:00,0.01492,0.01458,0.01503,0.01456
2023-06-28 20:00:00,0.01457,0.01433,0.01463,0.01432
2023-06-29 00:00:00,0.01433,0.01446,0.01468,0.01427
2023-06-29 04:00:00,0.01446,0.01453,0.01458,0.01423
2023-06-29 08:00:00,0.01453,0.01453,0.0148,0.0143
2023-06-29 12:00:00,0.01453,0.01525,0.01526,0.01444
2023-06-29 16:00:00,0.01521,0.01507,0.01568,0.01501
2023-06-29 20:00:00,0.01508,0.01504,0.01514,0.01503
2023-06-30 00:00:00,0.01504,0.01514,0.01517,0.01485
2023-06-30 04:00:00,0.01516,0.0153,0.01569,0.01478
2023-06-30 08:00:00,0.01523,0.01469,0.01569,0.01441
2023-06-30 12:00:00,0.0147,0.01395,0.01474,0.0138
2023-06-30 16:00:00,0.01395,0.01472,0.01472,0.01387
2023-06-30 20:00:00,0.01472,0.01434,0.01481,0.01433
2023-07-01 00:00:00,0.01433,0.01445,0.01489,0.01427
2023-07-01 04:00:00,0.01445,0.01422,0.01445,0.0142
2023-07-01 08:00:00,0.01422,0.01403,0.01448,0.01401
2023-07-01 12:00:00,0.01406,0.01393,0.01431,0.01393
2023-07-01 16:00:00,0.01392,0.01401,0.0141,0.01389
2023-07-01 20:00:00,0.01401,0.014,0.01401,0.014
2023-07-02 00:00:00,0.014,0.014,0.01401,0.014
2023-07-02 04:00:00,0.01401,0.01391,0.01402,0.01384
2023-07-02 08:00:00,0.01384,0.01329,0.01398,0.01301
2023-07-02 12:00:00,0.01329,0.01348,0.01348,0.0131
2023-07-02 16:00:00,0.01348,0.0133,0.0137,0.01318
2023-07-02 20:00:00,0.0133,0.01352,0.01367,0.01312
2023-07-03 00:00:00,0.01362,0.01347,0.01362,0.01345
2023-07-03 04:00:00,0.01352,0.01331,0.01353,0.01312
2023-07-03 08:00:00,0.01339,0.01325,0.01371,0.01318
2023-07-03 12:00:00,0.01323,0.01345,0.0138,0.01314
2023-07-03 16:00:00,0.01348,0.01337,0.01349,0.01309
2023-07-03 20:00:00,0.01338,0.01313,0.01347,0.01312
2023-07-04 00:00:00,0.01313,0.01343,0.01357,0.01302
2023-07-04 04:00:00,0.0134,0.01321,0.01353,0.01312
2023-07-04 08:00:00,0.01324,0.01348,0.01348,0.01322
2023-07-04 12:00:00,0.01348,0.01331,0.01351,0.01312
2023-07-04 16:00:00,0.01331,0.0132,0.01362,0.01301
2023-07-04 20:00:00,0.0132,0.01321,0.0134,0.01314
2023-07-05 00:00:00,0.01321,0.01331,0.01337,0.01309
2023-07-05 04:00:00,0.01329,0.0133,0.01333,0.01329
2023-07-05 08:00:00,0.0133,0.0133,0.01351,0.01316
2023-07-05 12:00:00,0.01339,0.01376,0.01384,0.01323
2023-07-05 16:00:00,0.01374,0.01379,0.01396,0.01373
2023-07-05 20:00:00,0.01379,0.0138,0.01388,0.01369
2023-07-06 00:00:00,0.01387,0.01386,0.01389,0.01373
2023-07-06 04:00:00,0.01386,0.01376,0.0139,0.01369
2023-07-06 08:00:00,0.01374,0.01405,0.01417,0.01372
2023-07-06 12:00:00,0.01404,0.01382,0.01404,0.01368
2023-07-06 16:00:00,0.01389,0.01365,0.0139,0.0135
2023-07-06 20:00:00,0.01363,0.01358,0.01369,0.0135
2023-07-07 00:00:00,0.01358,0.01356,0.01372,0.01349
2023-07-07 04:00:00,0.01365,0.01353,0.01366,0.0135
2023-07-07 08:00:00,0.01353,0.01342,0.01353,0.0134
2023-07-07 12:00:00,0.01342,0.01338,0.01346,0.01338
2023-07-07 16:00:00,0.01338,0.01343,0.0135,0.01338
2023-07-07 20:00:00,0.01343,0.01344,0.01352,0.01324
2023-07-08 00:00:00,0.01344,0.01344,0.01354,0.01344
2023-07-08 04:00:00,0.01344,0.01348,0.01354,0.01324
2023-07-08 08:00:00,0.01348,0.01348,0.01351,0.01341
2023-07-08 12:00:00,0.01348,0.0135,0.01351,0.01324
2023-07-08 16:00:00,0.0135,0.01346,0.01354,0.01343
2023-07-08 20:00:00,0.01346,0.01347,0.01351,0.01342
2023-07-09 00:00:00,0.01347,0.01346,0.01353,0.01323
2023-07-09 04:00:00,0.01346,0.01338,0.01352,0.01334
2023-07-09 08:00:00,0.01337,0.01303,0.0134,0.01263
2023-07-09 12:00:00,0.01303,0.01267,0.01312,0.0126
2023-07-09 16:00:00,0.01275,0.01266,0.01277,0.01264
2023-07-09 20:00:00,0.01265,0.01252,0.01271,0.01222
2023-07-10 00:00:00,0.01248,0.01245,0.01252,0.0124
2023-07-10 04:00:00,0.01246,0.01255,0.0126,0.01244
2023-07-10 08:00:00,0.01256,0.01266,0.01276,0.01247
2023-07-10 12:00:00,0.01266,0.01267,0.01287,0.01247
2023-07-10 16:00:00,0.01263,0.01278,0.01279,0.01263
2023-07-10 20:00:00,0.01276,0.01257,0.01281,0.0125
2023-07-11 00:00:00,0.01265,0.01253,0.01265,0.01248
2023-07-11 04:00:00,0.01257,0.01258,0.01258,0.01248
2023-07-11 08:00:00,0.01254,0.01257,0.0126,0.01235
2023-07-11 12:00:00,0.01249,0.01242,0.01258,0.01228
2023-07-11 16:00:00,0.0124,0.0124,0.0124,0.01227
2023-07-11 20:00:00,0.0124,0.01244,0.01244,0.0124
2023-07-12 00:00:00,0.01242,0.01254,0.01254,0.01238
2023-07-12 04:00:00,0.01244,0.01257,0.0127,0.01238
2023-07-12 08:00:00,0.01263,0.01241,0.01263,0.01238
2023-07-12 12:00:00,0.01247,0.01224,0.01251,0.01221
2023-07-12 16:00:00,0.01226,0.01225,0.01237,0.01209
2023-07-12 20:00:00,0.01227,0.01222,0.01249,0.01201
2023-07-13 00:00:00,0.01213,0.01224,0.01227,0.01213
2023-07-13 04:00:00,0.01224,0.01189,0.01225,0.01168
2023-07-13 08:00:00,0.01187,0.01186,0.01206,0.01171
2023-07-13 12:00:00,0.01186,0.01204,0.01209,0.01186
2023-07-13 16:00:00,0.01207,0.01189,0.01232,0.01181
2023-07-13 20:00:00,0.01187,0.01181,0.01191,0.01163
2023-07-14 00:00:00,0.0118,0.01198,0.01199,0.0118
2023-07-14 04:00:00,0.01197,0.01201,0.01218,0.01194
2023-07-14 08:00:00,0.01206,0.01203,0.01218,0.01195
2023-07-14 12:00:00,0.01202,0.01204,0.01227,0.01202
2023-07-14 16:00:00,0.01205,0.01198,0.01237,0.01196
2023-07-14 20:00:00,0.01205,0.01193,0.01209,0.01181
2023-07-15 00:00:00,0.01191,0.01187,0.01202,0.01182
2023-07-15 04:00:00,0.01194,0.01219,0.01221,0.01182
2023-07-15 08:00:00,0.01209,0.01219,0.01219,0.01209
2023-07-15 12:00:00,0.01218,0.0122,0.01249,0.01199
2023-07-15 16:00:00,0.0122,0.01221,0.01249,0.01215
2023-07-15 20:00:00,0.01225,0.01217,0.01232,0.01211
2023-07-16 00:00:00,0.0122,0.01231,0.01232,0.01214
2023-07-16 04:00:00,0.01231,0.01189,0.01231,0.01189
2023-07-16 08:00:00,0.01196,0.01182,0.01196,0.01182
2023-07-16 12:00:00,0.01182,0.01187,0.01212,0.01181
2023-07-16 16:00:00,0.01191,0.01177,0.01203,0.01169
2023-07-16 20:00:00,0.01184,0.01174,0.01191,0.01171
2023-07-17 00:00:00,0.01174,0.0115,0.01201,0.01145
2023-07-17 04:00:00,0.01152,0.01159,0.01201,0.01139
2023-07-17 08:00:00,0.01162,0.01152,0.01177,0.01141
2023-07-17 12:00:00,0.01152,0.01128,0.01154,0.01118
2023-07-17 16:00:00,0.01127,0.01119,0.01129,0.01102
2023-07-17 20:00:00,0.01119,0.01119,0.01126,0.01113
2023-07-18 00:00:00,0.01125,0.01119,0.01126,0.01107
2023-07-18 04:00:00,0.01109,0.0112,0.01127,0.01107
2023-07-18 08:00:00,0.0112,0.01117,0.0112,0.01113
2023-07-18 12:00:00,0.01117,0.01118,0.01119,0.01107
2023-07-18 16:00:00,0.01118,0.01118,0.01118,0.01107
2023-07-18 20:00:00,0.01115,0.0111,0.01129,0.01106
2023-07-19 00:00:00,0.01119,0.01116,0.01119,0.01106
2023-07-19 04:00:00,0.01116,0.01118,0.01118,0.01116
2023-07-19 08:00:00,0.01121,0.01104,0.01129,0.01095
2023-07-19 12:00:00,0.01102,0.01106,0.01108,0.01096
2023-07-19 16:00:00,0.01106,0.011,0.01107,0.01099
2023-07-19 20:00:00,0.01099,0.01097,0.01099,0.0109
2023-07-20 00:00:00,0.01091,0.0108,0.01098,0.01053
2023-07-20 04:00:00,0.01083,0.01094,0.01099,0.0108
2023-07-20 08:00:00,0.01094,0.01095,0.011,0.01083
2023-07-20 12:00:00,0.01097,0.01093,0.01097,0.01089
2023-07-20 16:00:00,0.01091,0.01093,0.01095,0.01088
2023-07-20 20:00:00,0.01093,0.01093,0.01093,0.01091
2023-07-21 00:00:00,0.01093,0.01094,0.01095,0.0109
2023-07-21 04:00:00,0.01093,0.01096,0.01096,0.01093
2023-07-21 08:00:00,0.01096,0.01095,0.01096,0.01095
2023-07-21 12:00:00,0.01095,0.01083,0.01095,0.01057
2023-07-21 16:00:00,0.01083,0.01089,0.01095,0.01081
2023-07-21 20:00:00,0.01092,0.01089,0.011,0.01082
2023-07-22 00:00:00,0.01096,0.01086,0.011,0.01085
2023-07-22 04:00:00,0.01088,0.01083,0.01089,0.01083
2023-07-22 08:00:00,0.01083,0.01085,0.0109,0.01082
2023-07-22 12:00:00,0.01084,0.01084,0.01088,0.01081
2023-07-22 16:00:00,0.01084,0.01085,0.01087,0.01063
2023-07-22 20:00:00,0.01085,0.01079,0.01089,0.01079
2023-07-23 00:00:00,0.01086,0.01081,0.01087,0.0108
2023-07-23 04:00:00,0.01087,0.01084,0.01087,0.01081
2023-07-23 08:00:00,0.01083,0.01086,0.01089,0.01083
2023-07-23 12:00:00,0.01088,0.01095,0.011,0.01066
2023-07-23 16:00:00,0.011,0.011,0.01102,0.01089
2023-07-23 20:00:00,0.01102,0.01095,0.01105,0.01093
2023-07-24 00:00:00,0.01095,0.01096,0.01097,0.01092
2023-07-24 04:00:00,0.01094,0.01093,0.01099,0.01093
2023-07-24 08:00:00,0.01093,0.01055,0.0111,0.01054
2023-07-24 12:00:00,0.01065,0.0106,0.01065,0.01029
2023-07-24 16:00:00,0.01055,0.0104,0.01066,0.01038
2023-07-24 20:00:00,0.01039,0.01042,0.01068,0.01038
2023-07-25 00:00:00,0.01048,0.01005,0.0105,0.01003
2023-07-25 04:00:00,0.01006,0.01025,0.01028,0.01004
2023-07-25 08:00:00,0.01025,0.01022,0.01026,0.01022
2023-07-25 12:00:00,0.01022,0.01025,0.01031,0.01011
2023-07-25 16:00:00,0.01033,0.01036,0.01041,0.01027
2023-07-25 20:00:00,0.01039,0.01039,0.01045,0.01033
2023-07-26 00:00:00,0.01037,0.01032,0.01044,0.01029
2023-07-26 04:00:00,0.01039,0.01039,0.01039,0.01031
2023-07-26 08:00:00,0.01039,0.01033,0.01039,0.01027
2023-07-26 12:00:00,0.0103,0.01038,0.01039,0.01025
2023-07-26 16:00:00,0.01038,0.01029,0.01038,0.01026
2023-07-26 20:00:00,0.01029,0.01014,0.01031,0.01004
2023-07-27 00:00:00,0.01008,0.0102,0.0102,0.01003
2023-07-27 04:00:00,0.0102,0.01015,0.01026,0.01009
2023-07-27 08:00:00,0.01022,0.01006,0.01029,0.01003
2023-07-27 12:00:00,0.01009,0.01309,0.01378,0.01003
2023-07-27 16:00:00,0.01305,0.01212,0.0131,0.01191
2023-07-27 20:00:00,0.01213,0.01293,0.01333,0.01203
2023-07-28 00:00:00,0.013,0.01207,0.01303,0.01204
2023-07-28 04:00:00,0.01213,0.01303,0.01314,0.01205
2023-07-28 08:00:00,0.01304,0.01274,0.01315,0.01256
2023-07-28 12:00:00,0.01276,0.01304,0.01334,0.01263
2023-07-28 16:00:00,0.01303,0.01258,0.01303,0.01257
2023-07-28 20:00:00,0.01258,0.01247,0.01265,0.01232
2023-07-29 00:00:00,0.01247,0.01225,0.01248,0.0122
2023-07-29 04:00:00,0.01226,0.01292,0.01296,0.01226
2023-07-29 08:00:00,0.01289,0.01512,0.01751,0.01286
2023-07-29 12:00:00,0.01512,0.01466,0.0158,0.01365
2023-07-29 16:00:00,0.0147,0.01247,0.01479,0.01223
2023-07-29 20:00:00,0.01246,0.0121,0.01246,0.0121
2023-07-30 00:00:00,0.01217,0.01191,0.01224,0.01176
2023-07-30 04:00:00,0.01191,0.01205,0.01207,0.01189
2023-07-30 08:00:00,0.01205,0.01134,0.01205,0.01108
2023-07-30 12:00:00,0.01134,0.01102,0.01134,0.01072
2023-07-30 16:00:00,0.01098,0.01091,0.01127,0.01082
2023-07-30 20:00:00,0.01091,0.01048,0.011,0.0103
2023-07-31 00:00:00,0.01049,0.01074,0.01078,0.01042
2023-07-31 04:00:00,0.01076,0.01074,0.011,0.01051
2023-07-31 08:00:00,0.01074,0.01084,0.011,0.01071
2023-07-31 12:00:00,0.01084,0.0106,0.01089,0.01051
2023-07-31 16:00:00,0.0106,0.0106,0.01062,0.01058
2023-07-31 20:00:00,0.01059,0.01049,0.01059,0.01035
2023-08-01 00:00:00,0.01053,0.0104,0.01056,0.01035
2023-08-01 04:00:00,0.01037,0.0107,0.011,0.01037
2023-08-01 08:00:00,0.01076,0.0106,0.01106,0.01041
2023-08-01 12:00:00,0.0106,0.01038,0.01069,0.01034
2023-08-01 16:00:00,0.01034,0.01036,0.0104,0.01032
2023-08-01 20:00:00,0.01037,0.01088,0.01105,0.01037
2023-08-02 00:00:00,0.01083,0.011,0.01105,0.01078
2023-08-02 04:00:00,0.011,0.01102,0.01105,0.01079
2023-08-02 08:00:00,0.01101,0.01111,0.01116,0.01101
2023-08-02 12:00:00,0.01111,0.01127,0.01127,0.01109
2023-08-02 16:00:00,0.01128,0.0114,0.01301,0.01128
2023-08-02 20:00:00,0.01142,0.00974,0.01164,0.00903
2023-08-03 00:00:00,0.00973,0.00923,0.00982,0.00848
2023-08-03 04:00:00,0.00923,0.00937,0.00938,0.00923
2023-08-03 08:00:00,0.00937,0.00962,0.01039,0.00937
2023-08-03 12:00:00,0.00962,0.00976,0.00976,0.00955
2023-08-03 16:00:00,0.00974,0.00981,0.00993,0.00974
2023-08-03 20:00:00,0.00981,0.00977,0.00982,0.00971
2023-08-04 00:00:00,0.00979,0.00981,0.00998,0.00972
2023-08-04 04:00:00,0.00981,0.00944,0.00982,0.00939
2023-08-04 08:00:00,0.00945,0.00991,0.01,0.00943
2023-08-04 12:00:00,0.00986,0.01027,0.01054,0.00972
2023-08-04 16:00:00,0.01025,0.01063,0.0109,0.01012
2023-08-04 20:00:00,0.01054,0.01037,0.01066,0.01028
2023-08-05 00:00:00,0.01044,0.01054,0.01054,0.01032
2023-08-05 04:00:00,0.01046,0.01048,0.01057,0.01043
2023-08-05 08:00:00,0.01049,0.01053,0.01163,0.0102
2023-08-05 12:00:00,0.0105,0.01025,0.01113,0.01013
2023-08-05 16:00:00,0.01028,0.01022,0.01028,0.01015
2023-08-05 20:00:00,0.01024,0.01055,0.01055,0.01012
2023-08-06 00:00:00,0.01047,0.01037,0.0105,0.01037
2023-08-06 04:00:00,0.01042,0.0103,0.01077,0.01016
2023-08-06 08:00:00,0.01031,0.01054,0.011,0.01027
2023-08-06 12:00:00,0.01054,0.00968,0.01055,0.00958
2023-08-06 16:00:00,0.00969,0.00996,0.01023,0.0095
2023-08-06 20:00:00,0.00995,0.00976,0.01006,0.0095
2023-08-07 00:00:00,0.00978,0.0095,0.00978,0.0095
2023-08-07 04:00:00,0.00951,0.00957,0.00979,0.00945
2023-08-07 08:00:00,0.00958,0.01027,0.01059,0.00957
2023-08-07 12:00:00,0.01023,0.01004,0.01058,0.01004
2023-08-07 16:00:00,0.01008,0.00991,0.01009,0.0098
2023-08-07 20:00:00,0.00993,0.00977,0.01001,0.00965
2023-08-08 00:00:00,0.00976,0.01002,0.0101,0.00976
2023-08-08 04:00:00,0.01001,0.01018,0.0102,0.01
2023-08-08 08:00:00,0.01018,0.01028,0.01049,0.01012
2023-08-08 12:00:00,0.01027,0.01015,0.01031,0.01011
2023-08-08 16:00:00,0.01018,0.01022,0.0103,0.01008
2023-08-08 20:00:00,0.01028,0.01015,0.01028,0.01009
2023-08-09 00:00:00,0.01018,0.01026,0.01028,0.01014
2023-08-09 04:00:00,0.01028,0.01033,0.01045,0.01017
2023-08-09 08:00:00,0.01033,0.01031,0.01041,0.01027
2023-08-09 12:00:00,0.0103,0.01036,0.01046,0.01027
2023-08-09 16:00:00,0.01032,0.01036,0.01046,0.01027
2023-08-09 20:00:00,0.01039,0.0103,0.01039,0.01027
2023-08-10 00:00:00,0.01031,0.00998,0.01031,0.00994
2023-08-10 04:00:00,0.01002,0.01008,0.01014,0.00994
2023-08-10 08:00:00,0.01012,0.01,0.01012,0.00994
2023-08-10 12:00:00,0.00996,0.01002,0.01009,0.00994
2023-08-10 16:00:00,0.01006,0.00999,0.0101,0.00995
2023-08-10 20:00:00,0.01002,0.01004,0.01007,0.00994
2023-08-11 00:00:00,0.01,0.00998,0.01012,0.00998
2023-08-11 04:00:00,0.01004,0.00985,0.01004,0.00977
2023-08-11 08:00:00,0.00985,0.00966,0.00985,0.00957
2023-08-11 12:00:00,0.00966,0.00969,0.00974,0.00961
2023-08-11 16:00:00,0.00969,0.00977,0.00983,0.00966
2023-08-11 20:00:00,0.00975,0.00978,0.00987,0.00974
2023-08-12 00:00:00,0.00982,0.00984,0.00985,0.00979
2023-08-12 04:00:00,0.00985,0.00971,0.00986,0.00966
2023-08-12 08:00:00,0.00971,0.00964,0.00971,0.00961
2023-08-12 12:00:00,0.00964,0.00963,0.00966,0.00962
2023-08-12 16:00:00,0.00963,0.00964,0.00964,0.00961
2023-08-12 20:00:00,0.00964,0.00967,0.00968,0.00964
2023-08-13 00:00:00,0.00968,0.00968,0.00968,0.00967
2023-08-13 04:00:00,0.00968,0.00966,0.00968,0.00966
2023-08-13 08:00:00,0.00967,0.00966,0.00969,0.00965
2023-08-13 12:00:00,0.00966,0.00967,0.00969,0.00963
2023-08-13 16:00:00,0.00965,0.0096,0.00969,0.00958
2023-08-13 20:00:00,0.0096,0.01004,0.01068,0.0096
2023-08-14 00:00:00,0.01009,0.01035,0.01057,0.00979
2023-08-14 04:00:00,0.01042,0.00966,0.01042,0.00964
2023-08-14 08:00:00,0.0097,0.00959,0.00974,0.00957
2023-08-14 12:00:00,0.00961,0.00966,0.00998,0.00945
2023-08-14 16:00:00,0.00969,0.00946,0.00974,0.00942
2023-08-14 20:00:00,0.00949,0.00965,0.00966,0.00944
2023-08-15 00:00:00,0.0096,0.00973,0.00987,0.00957
2023-08-15 04:00:00,0.00973,0.00977,0.00989,0.00972
2023-08-15 08:00:00,0.00978,0.00981,0.00988,0.00976
2023-08-15 12:00:00,0.00981,0.00988,0.01007,0.00979
2023-08-15 16:00:00,0.00988,0.00956,0.00989,0.00938
2023-08-15 20:00:00,0.00952,0.00951,0.00966,0.0095
2023-08-16 00:00:00,0.00952,0.00943,0.00953,0.00937
2023-08-16 04:00:00,0.00945,0.00941,0.00948,0.00937
2023-08-16 08:00:00,0.0094,0.00975,0.00982,0.00939
2023-08-16 12:00:00,0.00975,0.00996,0.01012,0.00941
2023-08-16 16:00:00,0.0099,0.00988,0.01022,0.00979
2023-08-16 20:00:00,0.00984,0.00964,0.00993,0.00943
2023-08-17 00:00:00,0.00963,0.00954,0.0097,0.00941
2023-08-17 04:00:00,0.00957,0.00985,0.01016,0.0095
2023-08-17 08:00:00,0.00984,0.00961,0.00997,0.0096
2023-08-17 12:00:00,0.00968,0.00972,0.01,0.0096
2023-08-17 16:00:00,0.00975,0.00978,0.00998,0.0096
2023-08-17 20:00:00,0.00978,0.00973,0.00986,0.00961
2023-08-18 00:00:00,0.0097,0.00958,0.00981,0.00955
2023-08-18 04:00:00,0.00954,0.00985,0.01063,0.00953
2023-08-18 08:00:00,0.00984,0.01004,0.0103,0.00983
2023-08-18 12:00:00,0.01015,0.01037,0.01039,0.01002
2023-08-18 16:00:00,0.01036,0.01055,0.01064,0.01031
2023-08-18 20:00:00,0.01055,0.01046,0.01064,0.01046
2023-08-19 00:00:00,0.01047,0.01018,0.01059,0.01011
2023-08-19 04:00:00,0.01017,0.01037,0.01037,0.01012
2023-08-19 08:00:00,0.01033,0.01043,0.01052,0.01016
2023-08-19 12:00:00,0.01035,0.01047,0.01067,0.01035
2023-08-19 16:00:00,0.01048,0.01011,0.01048,0.00995
2023-08-19 20:00:00,0.0101,0.00983,0.0101,0.00975
2023-08-20 00:00:00,0.00987,0.00986,0.00991,0.00982
2023-08-20 04:00:00,0.00992,0.01026,0.01047,0.0099
2023-08-20 08:00:00,0.01017,0.01025,0.01025,0.01011
2023-08-20 12:00:00,0.01024,0.01,0.01024,0.00977
2023-08-20 16:00:00,0.01,0.00999,0.01001,0.00998
2023-08-20 20:00:00,0.00999,0.01015,0.0104,0.00999
2023-08-21 00:00:00,0.01017,0.01016,0.01024,0.01013
2023-08-21 04:00:00,0.01017,0.0102,0.01022,0.01011
2023-08-21 08:00:00,0.01016,0.01021,0.01023,0.01014
2023-08-21 12:00:00,0.01019,0.01012,0.01019,0.01012
2023-08-21 16:00:00,0.0101,0.01011,0.01011,0.0101
2023-08-21 20:00:00,0.0101,0.00972,0.01011,0.00965
2023-08-22 00:00:00,0.00969,0.00979,0.00997,0.00921
2023-08-22 04:00:00,0.00979,0.00974,0.00987,0.00962
2023-08-22 08:00:00,0.0097,0.0097,0.01004,0.00965
2023-08-22 12:00:00,0.00972,0.00963,0.00976,0.00959
2023-08-22 16:00:00,0.00965,0.00928,0.00966,0.00922
2023-08-22 20:00:00,0.00934,0.00934,0.00941,0.0093
2023-08-23 00:00:00,0.00934,0.00948,0.00969,0.00932
2023-08-23 04:00:00,0.00951,0.00936,0.00955,0.00934
2023-08-23 08:00:00,0.00942,0.00942,0.00948,0.00928
2023-08-23 12:00:00,0.00938,0.00934,0.00957,0.00931
2023-08-23 16:00:00,0.00938,0.00933,0.00947,0.00926
2023-08-23 20:00:00,0.00935,0.00959,0.00969,0.00932
2023-08-24 00:00:00,0.00959,0.00958,0.00969,0.00936
2023-08-24 04:00:00,0.00958,0.00948,0.00969,0.00934
2023-08-24 08:00:00,0.00954,0.00949,0.00958,0.00942
2023-08-24 12:00:00,0.0095,0.00951,0.00955,0.00944
2023-08-24 16:00:00,0.00947,0.00947,0.00956,0.00943
2023-08-24 20:00:00,0.00947,0.00948,0.00956,0.00945
2023-08-25 00:00:00,0.00951,0.00944,0.00956,0.00933
2023-08-25 04:00:00,0.00942,0.00945,0.00948,0.00934
2023-08-25 08:00:00,0.00943,0.00929,0.00944,0.00921
2023-08-25 12:00:00,0.00929,0.0093,0.00936,0.00921
2023-08-25 16:00:00,0.00931,0.00932,0.00933,0.00922
2023-08-25 20:00:00,0.00927,0.00927,0.00937,0.00926
2023-08-26 00:00:00,0.00926,0.00917,0.00929,0.00917
2023-08-26 04:00:00,0.00924,0.00921,0.00929,0.00918
2023-08-26 08:00:00,0.0092,0.00917,0.00921,0.00913
2023-08-26 12:00:00,0.00917,0.00923,0.00926,0.00903
2023-08-26 16:00:00,0.00925,0.00923,0.00929,0.00921
2023-08-26 20:00:00,0.00926,0.00926,0.00928,0.0092
2023-08-27 00:00:00,0.00923,0.00923,0.00928,0.00922
2023-08-27 04:00:00,0.00923,0.00924,0.00928,0.00921
2023-08-27 08:00:00,0.00923,0.00924,0.00929,0.00921
2023-08-27 12:00:00,0.00927,0.00926,0.00928,0.00921
2023-08-27 16:00:00,0.00926,0.00922,0.00928,0.00922
2023-08-27 20:00:00,0.00922,0.00923,0.00926,0.0092
2023-08-28 00:00:00,0.00925,0.00921,0.00926,0.0092
2023-08-28 04:00:00,0.00921,0.00923,0.00923,0.00917
2023-08-28 08:00:00,0.00923,0.00929,0.00934,0.00917
2023-08-28 12:00:00,0.00929,0.00923,0.00935,0.0092
2023-08-28 16:00:00,0.00923,0.00923,0.0093,0.00921
2023-08-28 20:00:00,0.00924,0.00925,0.00927,0.00921
2023-08-29 00:00:00,0.00921,0.00907,0.00921,0.00907
2023-08-29 04:00:00,0.00912,0.00907,0.00916,0.00904
2023-08-29 08:00:00,0.00912,0.00911,0.00917,0.00902
2023-08-29 12:00:00,0.00907,0.00901,0.00917,0.00883
2023-08-29 16:00:00,0.00905,0.00904,0.00917,0.00895
2023-08-29 20:00:00,0.00908,0.00902,0.00909,0.00901
2023-08-30 00:00:00,0.00903,0.0091,0.00916,0.00892
2023-08-30 04:00:00,0.00914,0.00906,0.00916,0.00903
2023-08-30 08:00:00,0.00911,0.00867,0.00913,0.00851
2023-08-30 12:00:00,0.00866,0.00875,0.00884,0.00864
2023-08-30 16:00:00,0.00872,0.00868,0.00876,0.00865
2023-08-30 20:00:00,0.0087,0.00869,0.00872,0.00866
2023-08-31 00:00:00,0.0087,0.00868,0.0087,0.00866
2023-08-31 04:00:00,0.00866,0.0085,0.00866,0.00838
2023-08-31 08:00:00,0.00853,0.00886,0.00913,0.00826
2023-08-31 12:00:00,0.00879,0.00867,0.00895,0.00852
2023-08-31 16:00:00,0.00864,0.00869,0.00881,0.00864
2023-08-31 20:00:00,0.00869,0.00841,0.00874,0.00808
2023-09-01 00:00:00,0.00843,0.00807,0.00843,0.00789
2023-09-01 04:00:00,0.00807,0.00788,0.00814,0.00784
2023-09-01 08:00:00,0.00785,0.00809,0.0081,0.00783
2023-09-01 12:00:00,0.0081,0.00796,0.00811,0.00782
2023-09-01 16:00:00,0.00794,0.0079,0.00797,0.00772
2023-09-01 20:00:00,0.0079,0.00795,0.008,0.00788
2023-09-02 00:00:00,0.00794,0.00796,0.00799,0.00783
2023-09-02 04:00:00,0.00791,0.00803,0.00808,0.00791
2023-09-02 08:00:00,0.00803,0.00802,0.00809,0.00786
2023-09-02 12:00:00,0.00808,0.00784,0.00808,0.00782
2023-09-02 16:00:00,0.00785,0.00784,0.00787,0.0077
2023-09-02 20:00:00,0.00784,0.00781,0.00788,0.0077
2023-09-03 00:00:00,0.00781,0.00787,0.00787,0.0078
2023-09-03 04:00:00,0.00783,0.00777,0.00789,0.00775
2023-09-03 08:00:00,0.00777,0.00818,0.0083,0.00776
2023-09-03 12:00:00,0.00818,0.00819,0.00827,0.00807
2023-09-03 16:00:00,0.00818,0.00759,0.00826,0.00746
2023-09-03 20:00:00,0.00758,0.00766,0.0078,0.00744
2023-09-04 00:00:00,0.00766,0.00752,0.00772,0.00752
2023-09-04 04:00:00,0.00758,0.00783,0.00799,0.00752
2023-09-04 08:00:00,0.00782,0.00771,0.00782,0.00768
2023-09-04 12:00:00,0.00772,0.00773,0.00774,0.00767
2023-09-04 16:00:00,0.00769,0.00768,0.00773,0.00767
2023-09-04 20:00:00,0.00768,0.00753,0.00787,0.00753
2023-09-05 00:00:00,0.00753,0.00749,0.00775,0.00749
2023-09-05 04:00:00,0.00749,0.00749,0.00752,0.0074
2023-09-05 08:00:00,0.00749,0.00753,0.00754,0.00743
2023-09-05 12:00:00,0.0075,0.00751,0.00753,0.00747
2023-09-05 16:00:00,0.00748,0.00762,0.00762,0.00745
2023-09-05 20:00:00,0.00758,0.00754,0.00764,0.0075
2023-09-06 00:00:00,0.00754,0.00769,0.00828,0.00754
2023-09-06 04:00:00,0.0077,0.00776,0.00786,0.00763
2023-09-06 08:00:00,0.00773,0.00749,0.00775,0.00743
2023-09-06 12:00:00,0.00749,0.00753,0.00757,0.00743
2023-09-06 16:00:00,0.00753,0.00808,0.00819,0.00753
2023-09-06 20:00:00,0.00814,0.00785,0.00814,0.00783
2023-09-07 00:00:00,0.00785,0.00809,0.00819,0.00771
2023-09-07 04:00:00,0.00807,0.00769,0.00807,0.00754
2023-09-07 08:00:00,0.00766,0.00756,0.0077,0.0075
2023-09-07 12:00:00,0.00761,0.00755,0.00764,0.00744
2023-09-07 16:00:00,0.00753,0.00825,0.00835,0.00751
2023-09-07 20:00:00,0.00825,0.00823,0.00827,0.00822
2023-09-08 00:00:00,0.00822,0.00825,0.00825,0.0082
2023-09-08 04:00:00,0.00825,0.00813,0.00825,0.00813
2023-09-08 08:00:00,0.00817,0.00805,0.00826,0.00804
2023-09-08 12:00:00,0.00811,0.00814,0.00827,0.00805
2023-09-08 16:00:00,0.00822,0.00818,0.00826,0.00786
2023-09-08 20:00:00,0.00816,0.00822,0.00822,0.00815
2023-09-09 00:00:00,0.00821,0.00809,0.00822,0.00809
2023-09-09 04:00:00,0.00816,0.0081,0.00816,0.00808
2023-09-09 08:00:00,0.00809,0.00788,0.00813,0.00785
2023-09-09 12:00:00,0.00792,0.00797,0.00826,0.00788
2023-09-09 16:00:00,0.00804,0.00819,0.00819,0.00797
2023-09-09 20:00:00,0.00815,0.00816,0.00816,0.00815
2023-09-10 00:00:00,0.00815,0.00819,0.00819,0.00815
2023-09-10 04:00:00,0.00814,0.00815,0.00816,0.00811
2023-09-10 08:00:00,0.00813,0.00787,0.00816,0.00781
2023-09-10 12:00:00,0.00786,0.00767,0.00787,0.0075
2023-09-10 16:00:00,0.00767,0.00774,0.00783,0.00766
2023-09-10 20:00:00,0.00774,0.00778,0.00786,0.00774
2023-09-11 00:00:00,0.00778,0.00775,0.00779,0.00751
2023-09-11 04:00:00,0.00771,0.00773,0.00779,0.00767
2023-09-11 08:00:00,0.00776,0.00777,0.00778,0.00759
2023-09-11 12:00:00,0.00773,0.00762,0.00799,0.00762
2023-09-11 16:00:00,0.00762,0.00763,0.0077,0.0076
2023-09-11 20:00:00,0.00761,0.0078,0.00786,0.00755
2023-09-12 00:00:00,0.00784,0.00765,0.00788,0.00763
2023-09-12 04:00:00,0.00768,0.00786,0.00806,0.00758
2023-09-12 08:00:00,0.00786,0.00797,0.00809,0.00777
2023-09-12 12:00:00,0.00797,0.00818,0.00822,0.00779
2023-09-12 16:00:00,0.00818,0.00815,0.00822,0.00814
2023-09-12 20:00:00,0.00815,0.00808,0.0082,0.00805
2023-09-13 00:00:00,0.00808,0.00785,0.0082,0.00782
2023-09-13 04:00:00,0.00785,0.00772,0.008,0.00754
2023-09-13 08:00:00,0.0077,0.00763,0.00779,0.00751
2023-09-13 12:00:00,0.00766,0.00755,0.00766,0.0075
2023-09-13 16:00:00,0.00754,0.00757,0.00759,0.00752
2023-09-13 20:00:00,0.00756,0.00754,0.00759,0.00752
2023-09-14 00:00:00,0.00757,0.00754,0.00761,0.00753
2023-09-14 04:00:00,0.00758,0.00755,0.00758,0.00752
2023-09-14 08:00:00,0.00754,0.00755,0.00763,0.00752
2023-09-14 12:00:00,0.00755,0.00773,0.00784,0.00754
2023-09-14 16:00:00,0.00773,0.00796,0.00802,0.00762
2023-09-14 20:00:00,0.00796,0.00754,0.00807,0.00753
2023-09-15 00:00:00,0.00756,0.00755,0.00757,0.0075
2023-09-15 04:00:00,0.00753,0.00757,0.00757,0.00751
2023-09-15 08:00:00,0.00753,0.00752,0.00757,0.00751
2023-09-15 12:00:00,0.00752,0.00772,0.00823,0.00751
2023-09-15 16:00:00,0.00772,0.00794,0.00794,0.00772
2023-09-15 20:00:00,0.00795,0.00786,0.00806,0.00782
2023-09-16 00:00:00,0.00785,0.00785,0.00785,0.00781
2023-09-16 04:00:00,0.00786,0.00755,0.00786,0.00751
2023-09-16 08:00:00,0.00755,0.00751,0.00762,0.0075
2023-09-16 12:00:00,0.00752,0.00753,0.00756,0.0075
2023-09-16 16:00:00,0.00753,0.00679,0.00755,0.00673
2023-09-16 20:00:00,0.00679,0.00671,0.00696,0.00651
2023-09-17 00:00:00,0.00671,0.00662,0.00686,0.00658
2023-09-17 04:00:00,0.00661,0.00661,0.00687,0.00657
2023-09-17 08:00:00,0.00663,0.00662,0.00678,0.00657
2023-09-17 12:00:00,0.00662,0.00669,0.00669,0.00656
2023-09-17 16:00:00,0.00668,0.00668,0.0067,0.00661
2023-09-17 20:00:00,0.00668,0.00656,0.00668,0.00653
2023-09-18 00:00:00,0.00656,0.00652,0.00661,0.00651
2023-09-18 04:00:00,0.00657,0.00654,0.00662,0.0065
2023-09-18 08:00:00,0.00654,0.00636,0.00654,0.0063
2023-09-18 12:00:00,0.00636,0.00624,0.00638,0.00623
2023-09-18 16:00:00,0.00624,0.00621,0.00627,0.00621
2023-09-18 20:00:00,0.00623,0.00608,0.00626,0.00601
2023-09-19 00:00:00,0.00608,0.00619,0.00632,0.00605
2023-09-19 04:00:00,0.00625,0.00621,0.00625,0.00619
2023-09-19 08:00:00,0.00621,0.00646,0.00663,0.00619
2023-09-19 12:00:00,0.00646,0.0065,0.00659,0.00635
2023-09-19 16:00:00,0.00648,0.00645,0.00658,0.0064
2023-09-19 20:00:00,0.00647,0.00635,0.00647,0.00635
2023-09-20 00:00:00,0.00634,0.00654,0.00656,0.00633
2023-09-20 04:00:00,0.00654,0.00659,0.00659,0.00654
2023-09-20 08:00:00,0.00659,0.00651,0.0068,0.00648
2023-09-20 12:00:00,0.00649,0.0064,0.00654,0.00638
2023-09-20 16:00:00,0.00635,0.00642,0.00642,0.00625
2023-09-20 20:00:00,0.00633,0.00612,0.00633,0.00597
2023-09-21 00:00:00,0.00608,0.0057,0.00609,0.00561
2023-09-21 04:00:00,0.0057,0.00577,0.00585,0.0057
2023-09-21 08:00:00,0.00582,0.00575,0.00588,0.00567
2023-09-21 12:00:00,0.00574,0.00574,0.00601,0.00524
2023-09-21 16:00:00,0.0058,0.00588,0.00588,0.00579
2023-09-21 20:00:00,0.00588,0.00588,0.00588,0.00588
2023-09-22 00:00:00,0.00589,0.00595,0.00603,0.00589
2023-09-22 04:00:00,0.00597,0.00598,0.00599,0.00591
2023-09-22 08:00:00,0.00597,0.00682,0.00722,0.00597
2023-09-22 12:00:00,0.00688,0.00685,0.01,0.0067
2023-09-22 16:00:00,0.0069,0.00642,0.00779,0.006
2023-09-22 20:00:00,0.00643,0.00662,0.00699,0.00627
2023-09-23 00:00:00,0.00663,0.00618,0.00666,0.00591
2023-09-23 04:00:00,0.00616,0.00635,0.00635,0.00596
2023-09-23 08:00:00,0.00635,0.0062,0.0065,0.00614
2023-09-23 12:00:00,0.00618,0.00614,0.00622,0.00604
2023-09-23 16:00:00,0.00611,0.00647,0.00665,0.00608
2023-09-23 20:00:00,0.00644,0.00642,0.00644,0.00633
2023-09-24 00:00:00,0.00642,0.00643,0.00645,0.00642
2023-09-24 04:00:00,0.00648,0.00641,0.00648,0.00636
2023-09-24 08:00:00,0.00641,0.00633,0.00643,0.00615
2023-09-24 12:00:00,0.00638,0.01405,0.015,0.00638
2023-09-24 16:00:00,0.01408,0.00743,0.01427,0.00709
2023-09-24 20:00:00,0.00745,0.00768,0.009,0.0074
2023-09-25 00:00:00,0.00767,0.00797,0.0086,0.0074
2023-09-25 04:00:00,0.0079,0.00763,0.00817,0.00732
2023-09-25 08:00:00,0.00763,0.0094,0.0104,0.00739
2023-09-25 12:00:00,0.00939,0.00809,0.01,0.0078
2023-09-25 16:00:00,0.00801,0.00842,0.00899,0.0075
2023-09-25 20:00:00,0.00841,0.00825,0.0092,0.00822
2023-09-26 00:00:00,0.00828,0.00819,0.00829,0.00819
2023-09-26 04:00:00,0.00818,0.00812,0.0082,0.008
2023-09-26 08:00:00,0.00815,0.00781,0.00815,0.0076
2023-09-26 12:00:00,0.00781,0.00767,0.00805,0.0076
2023-09-26 16:00:00,0.00767,0.00758,0.00775,0.0075
2023-09-26 20:00:00,0.00755,0.00768,0.00804,0.00755
2023-09-27 00:00:00,0.00768,0.00768,0.00768,0.00768
2023-09-27 04:00:00,0.00768,0.00778,0.00876,0.0075
2023-09-27 08:00:00,0.00778,0.00803,0.00809,0.00778
2023-09-27 12:00:00,0.00803,0.00787,0.00878,0.00755
2023-09-27 16:00:00,0.00787,0.00773,0.00795,0.00757
2023-09-27 20:00:00,0.00774,0.00787,0.00795,0.00772
2023-09-28 00:00:00,0.00785,0.00805,0.0082,0.00783
2023-09-28 04:00:00,0.00804,0.00788,0.00808,0.00786
2023-09-28 08:00:00,0.00786,0.00776,0.0079,0.00772
2023-09-28 12:00:00,0.00776,0.00777,0.00779,0.00772
2023-09-28 16:00:00,0.00777,0.00783,0.00787,0.00776
2023-09-28 20:00:00,0.00788,0.0079,0.00795,0.00781
2023-09-29 00:00:00,0.00793,0.00793,0.00795,0.00789
2023-09-29 04:00:00,0.00791,0.00793,0.00795,0.0079
2023-09-29 08:00:00,0.00793,0.00744,0.00795,0.00741
2023-09-29 12:00:00,0.00744,0.00751,0.00763,0.00744
2023-09-29 16:00:00,0.00751,0.0075,0.00751,0.0075
2023-09-29 20:00:00,0.00751,0.0075,0.00751,0.0075
2023-09-30 00:00:00,0.0075,0.00751,0.00757,0.0075
2023-09-30 04:00:00,0.00751,0.00752,0.00755,0.00751
2023-09-30 08:00:00,0.00752,0.00753,0.00755,0.00752
2023-09-30 12:00:00,0.00753,0.00736,0.00777,0.00736
2023-09-30 16:00:00,0.00736,0.00709,0.00739,0.0069
2023-09-30 20:00:00,0.00709,0.00712,0.00716,0.00686
2023-10-01 00:00:00,0.00715,0.00713,0.00715,0.00708
2023-10-01 04:00:00,0.00715,0.007,0.00728,0.00692
2023-10-01 08:00:00,0.007,0.00693,0.00712,0.00687
2023-10-01 12:00:00,0.00693,0.00698,0.00709,0.00689
2023-10-01 16:00:00,0.00698,0.00686,0.00704,0.00657
2023-10-01 20:00:00,0.00686,0.00674,0.00701,0.00673
2023-10-02 00:00:00,0.00674,0.0067,0.00696,0.00665
2023-10-02 04:00:00,0.00671,0.0066,0.00678,0.00651
2023-10-02 08:00:00,0.00659,0.00669,0.00669,0.00655
2023-10-02 12:00:00,0.0067,0.0069,0.00709,0.00661
2023-10-02 16:00:00,0.0069,0.00677,0.0069,0.00665
2023-10-02 20:00:00,0.00669,0.00668,0.00673,0.00663
2023-10-03 00:00:00,0.00663,0.00661,0.00668,0.0066
2023-10-03 04:00:00,0.00662,0.00651,0.00662,0.00625
2023-10-03 08:00:00,0.00651,0.00601,0.00661,0.006
2023-10-03 12:00:00,0.00601,0.00616,0.00624,0.00575
2023-10-03 16:00:00,0.00616,0.00612,0.00625,0.00601
2023-10-03 20:00:00,0.00609,0.00611,0.00613,0.00602
2023-10-04 00:00:00,0.00605,0.00607,0.00608,0.00603
2023-10-04 04:00:00,0.00607,0.00623,0.0065,0.00603
2023-10-04 08:00:00,0.00618,0.00624,0.00632,0.00612
2023-10-04 12:00:00,0.00624,0.00635,0.0065,0.00624
2023-10-04 16:00:00,0.00637,0.00626,0.00638,0.00601
2023-10-04 20:00:00,0.00632,0.00634,0.00634,0.0063
2023-10-05 00:00:00,0.00634,0.00614,0.00634,0.00603
2023-10-05 04:00:00,0.00614,0.00614,0.00615,0.0061
2023-10-05 08:00:00,0.00612,0.00628,0.00637,0.00606
2023-10-05 12:00:00,0.00626,0.00616,0.00626,0.00612
2023-10-05 16:00:00,0.00616,0.00616,0.00623,0.00615
2023-10-05 20:00:00,0.00618,0.0062,0.00625,0.00618
2023-10-06 00:00:00,0.00625,0.0062,0.00625,0.0062
2023-10-06 04:00:00,0.00621,0.00629,0.00632,0.0062
2023-10-06 08:00:00,0.00629,0.00621,0.00633,0.0062
2023-10-06 12:00:00,0.00621,0.00633,0.00637,0.0062
2023-10-06 16:00:00,0.00633,0.00622,0.00639,0.00621
2023-10-06 20:00:00,0.00627,0.00631,0.00631,0.00627
2023-10-07 00:00:00,0.00625,0.00621,0.00625,0.00621
2023-10-07 04:00:00,0.00627,0.0062,0.00631,0.0062
2023-10-07 08:00:00,0.00621,0.00621,0.00628,0.0062
2023-10-07 12:00:00,0.0062,0.00631,0.00632,0.0062
2023-10-07 16:00:00,0.00628,0.00626,0.0064,0.0062
2023-10-07 20:00:00,0.00626,0.00629,0.00642,0.00626
2023-10-08 00:00:00,0.00628,0.0062,0.00628,0.00575
2023-10-08 04:00:00,0.00615,0.006,0.0062,0.00582
2023-10-08 08:00:00,0.006,0.00602,0.00616,0.0058
2023-10-08 12:00:00,0.00603,0.00605,0.00616,0.006
2023-10-08 16:00:00,0.00605,0.00592,0.00606,0.00584
2023-10-08 20:00:00,0.00592,0.00627,0.00652,0.0059
2023-10-09 00:00:00,0.00627,0.00627,0.00627,0.00627
2023-10-09 04:00:00,0.00627,0.0067,0.00738,0.00627
2023-10-09 08:00:00,0.00668,0.00759,0.00977,0.00668
2023-10-09 12:00:00,0.00759,0.00852,0.00916,0.00726
2023-10-09 16:00:00,0.00852,0.00698,0.00899,0.00669
2023-10-09 20:00:00,0.00692,0.00695,0.00735,0.0067
2023-10-10 00:00:00,0.0069,0.00701,0.00712,0.0066
2023-10-10 04:00:00,0.00704,0.00774,0.00869,0.00671
2023-10-10 08:00:00,0.00769,0.0074,0.00802,0.00728
2023-10-10 12:00:00,0.00744,0.00761,0.00771,0.0074
2023-10-10 16:00:00,0.00761,0.00706,0.00767,0.00676
2023-10-10 20:00:00,0.00706,0.00713,0.00719,0.00687
2023-10-11 00:00:00,0.00713,0.00675,0.00713,0.00674
2023-10-11 04:00:00,0.00675,0.00688,0.00698,0.0066
2023-10-11 08:00:00,0.00688,0.00685,0.00719,0.00662
2023-10-11 12:00:00,0.00686,0.00693,0.00697,0.00672
2023-10-11 16:00:00,0.0069,0.00687,0.00695,0.00678
2023-10-11 20:00:00,0.00684,0.00682,0.00687,0.00682
2023-10-12 00:00:00,0.00682,0.00637,0.00683,0.0063
2023-10-12 04:00:00,0.00635,0.00651,0.0066,0.00616
2023-10-12 08:00:00,0.00651,0.00618,0.00651,0.00607
2023-10-12 12:00:00,0.00623,0.00653,0.00663,0.00622
2023-10-12 16:00:00,0.00656,0.00653,0.0072,0.00638
2023-10-12 20:00:00,0.00654,0.00655,0.0067,0.0063
2023-10-13 00:00:00,0.00656,0.00733,0.00767,0.00656
2023-10-13 04:00:00,0.00733,0.00733,0.00759,0.00732
2023-10-13 08:00:00,0.00731,0.00712,0.00734,0.00652
2023-10-13 12:00:00,0.00712,0.00688,0.00715,0.00659
2023-10-13 16:00:00,0.00694,0.00695,0.00709,0.00688
2023-10-13 20:00:00,0.00699,0.00711,0.00722,0.00689
2023-10-14 00:00:00,0.00711,0.00708,0.00713,0.00702
2023-10-14 04:00:00,0.00708,0.00685,0.00712,0.00685
2023-10-14 08:00:00,0.00686,0.00686,0.0069,0.00686
2023-10-14 12:00:00,0.00686,0.00723,0.0078,0.00686
2023-10-14 16:00:00,0.00724,0.0071,0.00729,0.00703
2023-10-14 20:00:00,0.0071,0.00718,0.00718,0.00703
2023-10-15 00:00:00,0.00712,0.00718,0.00718,0.00703
2023-10-15 04:00:00,0.00712,0.00703,0.00718,0.00695
2023-10-15 08:00:00,0.00704,0.00695,0.00707,0.00695
2023-10-15 12:00:00,0.00703,0.00811,0.00842,0.00703
2023-10-15 16:00:00,0.00811,0.00779,0.0119,0.00715
2023-10-15 20:00:00,0.00784,0.00712,0.0083,0.00701
2023-10-16 00:00:00,0.00712,0.00718,0.00729,0.00695
2023-10-16 04:00:00,0.00724,0.00703,0.00727,0.00695
2023-10-16 08:00:00,0.00704,0.00717,0.0075,0.00701
2023-10-16 12:00:00,0.00716,0.00743,0.00785,0.00712
2023-10-16 16:00:00,0.00743,0.00755,0.00777,0.00741
2023-10-16 20:00:00,0.0075,0.00753,0.00761,0.00735
2023-10-17 00:00:00,0.00749,0.00737,0.00751,0.00735
2023-10-17 04:00:00,0.00736,0.00735,0.0074,0.00735
2023-10-17 08:00:00,0.00736,0.00725,0.00736,0.0072
2023-10-17 12:00:00,0.00722,0.00756,0.00756,0.0072
2023-10-17 16:00:00,0.00755,0.00756,0.00779,0.00741
2023-10-17 20:00:00,0.00756,0.00743,0.00756,0.0074
2023-10-18 00:00:00,0.00744,0.00742,0.00745,0.0074
2023-10-18 04:00:00,0.00742,0.00736,0.00742,0.0073
2023-10-18 08:00:00,0.00736,0.00746,0.00764,0.00736
2023-10-18 12:00:00,0.00742,0.00742,0.00758,0.00722
2023-10-18 16:00:00,0.00741,0.00746,0.00755,0.00741
2023-10-18 20:00:00,0.00747,0.00755,0.00773,0.00741
2023-10-19 00:00:00,0.00755,0.00757,0.0076,0.00752
2023-10-19 04:00:00,0.00757,0.00768,0.0078,0.00752
2023-10-19 08:00:00,0.00768,0.00776,0.00786,0.00766
2023-10-19 12:00:00,0.00776,0.00881,0.00976,0.00776
2023-10-19 16:00:00,0.00881,0.00791,0.0091,0.00766
2023-10-19 20:00:00,0.00791,0.00829,0.00831,0.0077
2023-10-20 00:00:00,0.00826,0.00817,0.00834,0.00807
2023-10-20 04:00:00,0.00825,0.00812,0.00825,0.00807
2023-10-20 08:00:00,0.00812,0.00812,0.00812,0.00766
2023-10-20 12:00:00,0.00805,0.00822,0.00899,0.00779
2023-10-20 16:00:00,0.00817,0.00844,0.00859,0.00807
2023-10-20 20:00:00,0.00844,0.00834,0.00863,0.00824
2023-10-21 00:00:00,0.00835,0.00852,0.00865,0.00833
2023-10-21 04:00:00,0.00853,0.00858,0.00858,0.00853
2023-10-21 08:00:00,0.00858,0.00837,0.00899,0.00832
2023-10-21 12:00:00,0.00838,0.00834,0.00838,0.00801
2023-10-21 16:00:00,0.00832,0.0079,0.00833,0.0079
2023-10-21 20:00:00,0.00792,0.00804,0.00806,0.0077
2023-10-22 00:00:00,0.00804,0.00786,0.00804,0.00776
2023-10-22 04:00:00,0.00787,0.00806,0.00816,0.00787
2023-10-22 08:00:00,0.00804,0.00822,0.00831,0.00784
2023-10-22 12:00:00,0.00816,0.00802,0.00816,0.00784
2023-10-22 16:00:00,0.00803,0.00811,0.00824,0.00803
2023-10-22 20:00:00,0.00806,0.00803,0.00809,0.00797
2023-10-23 00:00:00,0.00803,0.00814,0.00814,0.00797
2023-10-23 04:00:00,0.00808,0.00823,0.00824,0.00804
2023-10-23 08:00:00,0.00817,0.00864,0.00877,0.00817
2023-10-23 12:00:00,0.00868,0.00873,0.00909,0.00851
2023-10-23 16:00:00,0.00877,0.00848,0.00877,0.00847
2023-10-23 20:00:00,0.00847,0.00823,0.00847,0.00803
2023-10-24 00:00:00,0.00822,0.0087,0.00878,0.008
2023-10-24 04:00:00,0.00864,0.00885,0.0095,0.00816
2023-10-24 08:00:00,0.00884,0.0086,0.00894,0.00857
2023-10-24 12:00:00,0.0086,0.00839,0.00874,0.00834
2023-10-24 16:00:00,0.00838,0.00834,0.00847,0.00828
2023-10-24 20:00:00,0.00838,0.00834,0.0084,0.00806
2023-10-25 00:00:00,0.00835,0.00845,0.00866,0.00835
2023-10-25 04:00:00,0.00844,0.00842,0.00851,0.00842
2023-10-25 08:00:00,0.00842,0.00854,0.00855,0.0081
2023-10-25 12:00:00,0.0085,0.00856,0.00857,0.00836
2023-10-25 16:00:00,0.00857,0.00788,0.00893,0.00788
2023-10-25 20:00:00,0.00794,0.00821,0.00822,0.00771
2023-10-26 00:00:00,0.00822,0.00827,0.00827,0.0082
2023-10-26 04:00:00,0.00828,0.00832,0.00836,0.00823
2023-10-26 08:00:00,0.00826,0.00802,0.00826,0.00802
2023-10-26 12:00:00,0.00809,0.00831,0.00845,0.00809
2023-10-26 16:00:00,0.00831,0.00846,0.00861,0.00831
2023-10-26 20:00:00,0.00846,0.00846,0.00846,0.00846
2023-10-27 00:00:00,0.00851,0.00846,0.00851,0.00846
2023-10-27 04:00:00,0.00846,0.00846,0.0085,0.00846
2023-10-27 08:00:00,0.00846,0.00834,0.00848,0.00831
2023-10-27 12:00:00,0.00832,0.00856,0.00866,0.00818
2023-10-27 16:00:00,0.00853,0.00829,0.00853,0.00803
2023-10-27 20:00:00,0.00822,0.00795,0.00828,0.0079
2023-10-28 00:00:00,0.00795,0.00792,0.00804,0.00785
2023-10-28 04:00:00,0.00794,0.00803,0.0082,0.00786
2023-10-28 08:00:00,0.00802,0.00798,0.00803,0.00797
2023-10-28 12:00:00,0.00797,0.00832,0.00832,0.00795
2023-10-28 16:00:00,0.00832,0.00833,0.0088,0.00826
2023-10-28 20:00:00,0.00834,0.00847,0.00891,0.00833
2023-10-29 00:00:00,0.00846,0.00838,0.00846,0.00838
2023-10-29 04:00:00,0.00845,0.00838,0.00846,0.00838
2023-10-29 08:00:00,0.00839,0.00868,0.00884,0.00839
2023-10-29 12:00:00,0.00869,0.00932,0.011,0.00856
2023-10-29 16:00:00,0.00933,0.01001,0.0139,0.0087
2023-10-29 20:00:00,0.01001,0.01059,0.01068,0.00927
2023-10-30 00:00:00,0.01061,0.01028,0.01087,0.0102
2023-10-30 04:00:00,0.01028,0.01007,0.01031,0.0097
2023-10-30 08:00:00,0.01009,0.01158,0.01245,0.01009
2023-10-30 12:00:00,0.01158,0.01122,0.01182,0.01101
2023-10-30 16:00:00,0.01122,0.01196,0.01208,0.01113
2023-10-30 20:00:00,0.01201,0.01498,0.01637,0.01182
2023-10-31 00:00:00,0.01495,0.01389,0.01498,0.01304
2023-10-31 04:00:00,0.01382,0.01309,0.01405,0.0123
2023-10-31 08:00:00,0.01299,0.01271,0.01319,0.01223
2023-10-31 12:00:00,0.01271,0.01261,0.01349,0.01132
2023-10-31 16:00:00,0.01248,0.01338,0.01381,0.01241
2023-10-31 20:00:00,0.01347,0.01345,0.01381,0.01338
2023-11-01 00:00:00,0.01345,0.01365,0.01366,0.01317
2023-11-01 04:00:00,0.01367,0.01489,0.01648,0.01367
2023-11-01 08:00:00,0.01488,0.01456,0.01508,0.01421
2023-11-01 12:00:00,0.0146,0.01647,0.0173,0.01455
2023-11-01 16:00:00,0.01662,0.01773,0.01929,0.0163
2023-11-01 20:00:00,0.01773,0.01845,0.0185,0.01752
2023-11-02 00:00:00,0.01851,0.02169,0.0217,0.01847
2023-11-02 04:00:00,0.0217,0.02242,0.02264,0.02007
2023-11-02 08:00:00,0.02259,0.02123,0.0275,0.02123
2023-11-02 12:00:00,0.02122,0.0244,0.0255,0.0208
2023-11-02 16:00:00,0.0244,0.02274,0.02584,0.02264
2023-11-02 20:00:00,0.0227,0.02138,0.0227,0.02048
2023-11-03 00:00:00,0.02129,0.02113,0.02176,0.02
2023-11-03 04:00:00,0.02118,0.02242,0.02364,0.02118
2023-11-03 08:00:00,0.02245,0.02226,0.02307,0.02201
2023-11-03 12:00:00,0.02226,0.02185,0.02246,0.02111
2023-11-03 16:00:00,0.02187,0.02677,0.02872,0.02177
2023-11-03 20:00:00,0.02678,0.02552,0.02759,0.02551
2023-11-04 00:00:00,0.02552,0.02845,0.03041,0.0245
2023-11-04 04:00:00,0.02844,0.02934,0.03105,0.02787
2023-11-04 08:00:00,0.02934,0.02934,0.03099,0.02887
2023-11-04 12:00:00,0.02934,0.03095,0.032,0.02886
2023-11-04 16:00:00,0.03101,0.02972,0.03199,0.02971
2023-11-04 20:00:00,0.02971,0.03181,0.03267,0.02971
2023-11-05 00:00:00,0.03183,0.03026,0.03199,0.0285
2023-11-05 04:00:00,0.03023,0.02959,0.03149,0.0295
2023-11-05 08:00:00,0.02965,0.02964,0.0302,0.02951
2023-11-05 12:00:00,0.02962,0.03057,0.03188,0.02526
2023-11-05 16:00:00,0.03064,0.02149,0.082,0.0171
2023-11-05 20:00:00,0.02149,0.02194,0.02266,0.0175
2023-11-06 00:00:00,0.02194,0.01974,0.02204,0.01796
2023-11-06 04:00:00,0.01974,0.02121,0.02287,0.019
2023-11-06 08:00:00,0.02107,0.02049,0.02207,0.01949
2023-11-06 12:00:00,0.02049,0.01919,0.021,0.019
2023-11-06 16:00:00,0.01918,0.02006,0.02101,0.01881
2023-11-06 20:00:00,0.02011,0.02009,0.02038,0.0199
2023-11-07 00:00:00,0.01995,0.01835,0.02007,0.0182
2023-11-07 04:00:00,0.01836,0.01588,0.01837,0.01575
2023-11-07 08:00:00,0.01588,0.01558,0.01639,0.0152
2023-11-07 12:00:00,0.01559,0.01519,0.016,0.01499
2023-11-07 16:00:00,0.0152,0.01497,0.01565,0.01412
2023-11-07 20:00:00,0.01498,0.01566,0.0163,0.01451
2023-11-08 00:00:00,0.01566,0.01599,0.01689,0.01554
2023-11-08 04:00:00,0.01599,0.01559,0.0164,0.01544
2023-11-08 08:00:00,0.01544,0.0149,0.01546,0.0145
2023-11-08 12:00:00,0.01497,0.01511,0.01589,0.0146
2023-11-08 16:00:00,0.01511,0.01555,0.01614,0.01474
2023-11-08 20:00:00,0.01565,0.01724,0.01868,0.01518
2023-11-09 00:00:00,0.01724,0.01659,0.01724,0.01612
2023-11-09 04:00:00,0.0167,0.01621,0.01753,0.016
2023-11-09 08:00:00,0.01605,0.01643,0.017,0.01605
2023-11-09 12:00:00,0.01643,0.01661,0.01661,0.01564
2023-11-09 16:00:00,0.01662,0.0153,0.017,0.01499
2023-11-09 20:00:00,0.01529,0.0151,0.01555,0.0145
2023-11-10 00:00:00,0.01509,0.01521,0.01561,0.01509
2023-11-10 04:00:00,0.01522,0.01531,0.01586,0.01522
2023-11-10 08:00:00,0.01536,0.01543,0.01577,0.01521
2023-11-10 12:00:00,0.01544,0.01402,0.01544,0.01401
2023-11-10 16:00:00,0.01411,0.01386,0.01477,0.01374
2023-11-10 20:00:00,0.01383,0.01277,0.01451,0.01269
2023-11-11 00:00:00,0.01277,0.01326,0.01331,0.01272
2023-11-11 04:00:00,0.0132,0.01346,0.01398,0.01318
2023-11-11 08:00:00,0.01346,0.01357,0.01398,0.01312
2023-11-11 12:00:00,0.01353,0.0141,0.01416,0.01352
2023-11-11 16:00:00,0.01412,0.0148,0.01499,0.01407
2023-11-11 20:00:00,0.01484,0.01401,0.01494,0.01382
2023-11-12 00:00:00,0.01396,0.01379,0.01396,0.0136
2023-11-12 04:00:00,0.0138,0.01387,0.01446,0.01345
2023-11-12 08:00:00,0.01382,0.01404,0.0144,0.01377
2023-11-12 12:00:00,0.01411,0.01417,0.01445,0.01407
2023-11-12 16:00:00,0.01415,0.01403,0.01442,0.01378
2023-11-12 20:00:00,0.01403,0.01382,0.0141,0.01367
2023-11-13 00:00:00,0.01391,0.0141,0.01439,0.01391
2023-11-13 04:00:00,0.0141,0.0142,0.01451,0.01388
2023-11-13 08:00:00,0.01424,0.01366,0.01424,0.01328
2023-11-13 12:00:00,0.01369,0.01364,0.01429,0.01339
2023-11-13 16:00:00,0.01364,0.01351,0.01411,0.01322
2023-11-13 20:00:00,0.01358,0.0135,0.0137,0.01346
2023-11-14 00:00:00,0.01347,0.01327,0.01354,0.01292
2023-11-14 04:00:00,0.01327,0.01298,0.01331,0.01264
2023-11-14 08:00:00,0.01307,0.013,0.01387,0.01287
2023-11-14 12:00:00,0.01311,0.01298,0.01374,0.01276
2023-11-14 16:00:00,0.01298,0.01224,0.01298,0.0121
2023-11-14 20:00:00,0.01224,0.01236,0.01251,0.01212
2023-11-15 00:00:00,0.01235,0.01278,0.01291,0.01234
2023-11-15 04:00:00,0.01279,0.01266,0.01301,0.01266
2023-11-15 08:00:00,0.01266,0.01449,0.01549,0.01266
2023-11-15 12:00:00,0.01445,0.01425,0.01499,0.01365
2023-11-15 16:00:00,0.01426,0.01462,0.015,0.01391
2023-11-15 20:00:00,0.01462,0.01415,0.01548,0.01406
2023-11-16 00:00:00,0.01411,0.01401,0.01418,0.014
2023-11-16 04:00:00,0.014,0.01497,0.01519,0.0134
2023-11-16 08:00:00,0.01495,0.0169,0.01884,0.01432
2023-11-16 12:00:00,0.01679,0.01618,0.0195,0.01618
2023-11-16 16:00:00,0.01619,0.01684,0.01849,0.0159
2023-11-16 20:00:00,0.01684,0.01754,0.01849,0.0167
2023-11-17 00:00:00,0.01756,0.0184,0.01884,0.01712
2023-11-17 04:00:00,0.0185,0.01817,0.02046,0.01801
2023-11-17 08:00:00,0.01801,0.01683,0.0194,0.01652
2023-11-17 12:00:00,0.01677,0.01646,0.01738,0.01584
2023-11-17 16:00:00,0.01644,0.01521,0.01659,0.01486
2023-11-17 20:00:00,0.01522,0.01577,0.016,0.01522
2023-11-18 00:00:00,0.01576,0.01598,0.01635,0.01576
2023-11-18 04:00:00,0.01597,0.01575,0.0166,0.01547
2023-11-18 08:00:00,0.01567,0.01501,0.01587,0.01487
2023-11-18 12:00:00,0.01501,0.01452,0.01539,0.01427
2023-11-18 16:00:00,0.01465,0.01512,0.0153,0.0145
2023-11-18 20:00:00,0.01516,0.01461,0.0153,0.014
2023-11-19 00:00:00,0.01456,0.01441,0.01462,0.0141
2023-11-19 04:00:00,0.01441,0.01659,0.0169,0.01441
2023-11-19 08:00:00,0.01659,0.01692,0.01769,0.01577
2023-11-19 12:00:00,0.0168,0.01624,0.01686,0.01578
2023-11-19 16:00:00,0.01624,0.0163,0.01708,0.01506
2023-11-19 20:00:00,0.01638,0.0167,0.01699,0.016
2023-11-20 00:00:00,0.01654,0.01592,0.01708,0.0157
2023-11-20 04:00:00,0.01578,0.01558,0.01582,0.0155
2023-11-20 08:00:00,0.01567,0.01566,0.01582,0.01521
2023-11-20 12:00:00,0.01566,0.01479,0.01581,0.01457
2023-11-20 16:00:00,0.01482,0.01498,0.0161,0.01479
2023-11-20 20:00:00,0.01498,0.01507,0.01598,0.0149
2023-11-21 00:00:00,0.01507,0.01536,0.01563,0.01493
2023-11-21 04:00:00,0.01522,0.01517,0.01555,0.0149
2023-11-21 08:00:00,0.01517,0.01601,0.017,0.0149
2023-11-21 12:00:00,0.01602,0.01532,0.01635,0.01484
2023-11-21 16:00:00,0.0153,0.01472,0.01533,0.01439
2023-11-21 20:00:00,0.01471,0.01372,0.01478,0.0131
2023-11-22 00:00:00,0.01373,0.01425,0.01425,0.01372
2023-11-22 04:00:00,0.01426,0.01455,0.01473,0.01422
2023-11-22 08:00:00,0.01462,0.01459,0.01492,0.01433
2023-11-22 12:00:00,0.01459,0.0145,0.01484,0.01447
2023-11-22 16:00:00,0.01451,0.01444,0.01476,0.01443
2023-11-22 20:00:00,0.01445,0.0151,0.01526,0.01445
2023-11-23 00:00:00,0.01509,0.01498,0.0151,0.01498
2023-11-23 04:00:00,0.01499,0.01508,0.01509,0.01479
2023-11-23 08:00:00,0.01507,0.01502,0.0151,0.01496
2023-11-23 12:00:00,0.01502,0.01473,0.0151,0.01452
2023-11-23 16:00:00,0.01462,0.01412,0.015,0.01376
2023-11-23 20:00:00,0.01414,0.01395,0.01416,0.01332
2023-11-24 00:00:00,0.01395,0.01427,0.01427,0.01395
2023-11-24 04:00:00,0.01426,0.01427,0.0144,0.01425
2023-11-24 08:00:00,0.01438,0.01434,0.01446,0.0141
2023-11-24 12:00:00,0.01436,0.01436,0.01461,0.0138
2023-11-24 16:00:00,0.01428,0.01422,0.01443,0.01378
2023-11-24 20:00:00,0.0142,0.0141,0.0142,0.0136
2023-11-25 00:00:00,0.01411,0.01436,0.01449,0.0138
2023-11-25 04:00:00,0.01436,0.01433,0.01449,0.01334
2023-11-25 08:00:00,0.0144,0.01619,0.017,0.0144
2023-11-25 12:00:00,0.01612,0.01616,0.0167,0.01567
2023-11-25 16:00:00,0.01616,0.01536,0.01631,0.01524
2023-11-25 20:00:00,0.01532,0.01572,0.01649,0.01532
2023-11-26 00:00:00,0.0158,0.01616,0.01649,0.01568
2023-11-26 04:00:00,0.01605,0.01536,0.01605,0.01498
2023-11-26 08:00:00,0.01533,0.01662,0.01821,0.01521
2023-11-26 12:00:00,0.01663,0.0159,0.01673,0.01498
2023-11-26 16:00:00,0.01592,0.01608,0.01651,0.0155
2023-11-26 20:00:00,0.01608,0.01625,0.01646,0.01597
2023-11-27 00:00:00,0.01625,0.01601,0.01625,0.01591
2023-11-27 04:00:00,0.01601,0.01587,0.01619,0.01541
2023-11-27 08:00:00,0.01585,0.01752,0.0184,0.01567
2023-11-27 12:00:00,0.01753,0.01902,0.01948,0.01736
2023-11-27 16:00:00,0.0191,0.01837,0.0194,0.0178
2023-11-27 20:00:00,0.01832,0.02199,0.0228,0.01832
2023-11-28 00:00:00,0.02195,0.01842,0.02195,0.01804
2023-11-28 04:00:00,0.01842,0.01928,0.01979,0.01815
2023-11-28 08:00:00,0.01912,0.01874,0.01999,0.01868
2023-11-28 12:00:00,0.01874,0.01812,0.01892,0.0181
2023-11-28 16:00:00,0.01822,0.0178,0.01865,0.0177
2023-11-28 20:00:00,0.0178,0.01907,0.01918,0.0177
2023-11-29 00:00:00,0.01907,0.01859,0.01938,0.01857
2023-11-29 04:00:00,0.01859,0.01847,0.01859,0.01831
2023-11-29 08:00:00,0.01836,0.01731,0.01853,0.017
2023-11-29 12:00:00,0.01751,0.01721,0.01795,0.01705
2023-11-29 16:00:00,0.01721,0.01749,0.01769,0.0165
2023-11-29 20:00:00,0.0175,0.01742,0.01777,0.01684
2023-11-30 00:00:00,0.01756,0.01758,0.01778,0.01727
2023-11-30 04:00:00,0.01774,0.01711,0.01778,0.01694
2023-11-30 08:00:00,0.01713,0.01734,0.0178,0.01697
2023-11-30 12:00:00,0.01734,0.01696,0.01757,0.01694
2023-11-30 16:00:00,0.01696,0.01673,0.01722,0.0165
2023-11-30 20:00:00,0.01674,0.01651,0.01698,0.01607
2023-12-01 00:00:00,0.01651,0.01647,0.01692,0.01644
2023-12-01 04:00:00,0.01647,0.01655,0.01687,0.01647
2023-12-01 08:00:00,0.01656,0.01663,0.01698,0.01612
2023-12-01 12:00:00,0.01677,0.0169,0.01788,0.01645
2023-12-01 16:00:00,0.0169,0.01741,0.01741,0.01689
2023-12-01 20:00:00,0.01742,0.0177,0.0177,0.017
2023-12-02 00:00:00,0.0177,0.01663,0.0177,0.01601
2023-12-02 04:00:00,0.01663,0.01649,0.01703,0.01587
2023-12-02 08:00:00,0.01646,0.01628,0.01649,0.0158
2023-12-02 12:00:00,0.01628,0.01651,0.01764,0.01622
2023-12-02 16:00:00,0.01663,0.01837,0.01852,0.01663
2023-12-02 20:00:00,0.0185,0.01871,0.019,0.01792
2023-12-03 00:00:00,0.01872,0.01828,0.01949,0.01811
2023-12-03 04:00:00,0.01827,0.01751,0.0183,0.0171
2023-12-03 08:00:00,0.01751,0.01714,0.01757,0.01712
2023-12-03 12:00:00,0.01726,0.01759,0.01792,0.01726
2023-12-03 16:00:00,0.01767,0.01748,0.01789,0.01713
2023-12-03 20:00:00,0.01748,0.01755,0.01769,0.01703
2023-12-04 00:00:00,0.01755,0.018,0.018,0.01755
2023-12-04 04:00:00,0.018,0.0178,0.01879,0.01774
2023-12-04 08:00:00,0.01794,0.01819,0.01832,0.01775
2023-12-04 12:00:00,0.01804,0.01803,0.0185,0.0178
2023-12-04 16:00:00,0.01784,0.01787,0.01804,0.01771
2023-12-04 20:00:00,0.01772,0.0177,0.01823,0.0177
2023-12-05 00:00:00,0.01787,0.01822,0.01822,0.01771
2023-12-05 04:00:00,0.01815,0.01808,0.01826,0.0179
2023-12-05 08:00:00,0.01821,0.01791,0.01828,0.01791
2023-12-05 12:00:00,0.01791,0.01786,0.01802,0.01778
2023-12-05 16:00:00,0.01786,0.01804,0.01889,0.0177
2023-12-05 20:00:00,0.01804,0.01819,0.01819,0.01769
2023-12-06 00:00:00,0.01819,0.01838,0.01918,0.01808
2023-12-06 04:00:00,0.01838,0.01909,0.01918,0.01804
2023-12-06 08:00:00,0.01895,0.01801,0.01895,0.01789
2023-12-06 12:00:00,0.01788,0.01838,0.01846,0.0176
2023-12-06 16:00:00,0.01838,0.01847,0.01847,0.01808
2023-12-06 20:00:00,0.01849,0.01864,0.01898,0.01836
2023-12-07 00:00:00,0.01863,0.0194,0.01947,0.01837
2023-12-07 04:00:00,0.0194,0.0189,0.01947,0.01836
2023-12-07 08:00:00,0.0189,0.02032,0.02364,0.01799
2023-12-07 12:00:00,0.02049,0.02253,0.02254,0.0189
2023-12-07 16:00:00,0.02253,0.02159,0.02253,0.0208
2023-12-07 20:00:00,0.02158,0.02131,0.02205,0.02079
2023-12-08 00:00:00,0.02142,0.02179,0.02239,0.02142
2023-12-08 04:00:00,0.0218,0.02215,0.02239,0.02179
2023-12-08 08:00:00,0.02215,0.02129,0.02277,0.02085
2023-12-08 12:00:00,0.02129,0.02101,0.02157,0.02078
2023-12-08 16:00:00,0.02102,0.02201,0.02202,0.02095
2023-12-08 20:00:00,0.02201,0.02133,0.02202,0.02102
2023-12-09 00:00:00,0.02128,0.02091,0.02133,0.02022
2023-12-09 04:00:00,0.02088,0.02082,0.0216,0.0203
2023-12-09 08:00:00,0.02095,0.022,0.02336,0.0208
2023-12-09 12:00:00,0.02202,0.02151,0.02232,0.02071
2023-12-09 16:00:00,0.02178,0.02166,0.0228,0.02109
2023-12-09 20:00:00,0.02151,0.02091,0.02179,0.02079
2023-12-10 00:00:00,0.02104,0.02118,0.02181,0.02104
2023-12-10 04:00:00,0.02126,0.02156,0.02156,0.02118
2023-12-10 08:00:00,0.02156,0.02145,0.02156,0.0208
2023-12-10 12:00:00,0.02126,0.02135,0.02152,0.021
2023-12-10 16:00:00,0.02122,0.02122,0.02169,0.02082
2023-12-10 20:00:00,0.02124,0.0219,0.0224,0.02124
2023-12-11 00:00:00,0.0219,0.02009,0.02439,0.01991
2023-12-11 04:00:00,0.02009,0.01979,0.02047,0.01974
2023-12-11 08:00:00,0.01979,0.01977,0.01984,0.01901
2023-12-11 12:00:00,0.01978,0.01884,0.01984,0.01842
2023-12-11 16:00:00,0.01883,0.01913,0.01959,0.01874
2023-12-11 20:00:00,0.01915,0.01968,0.01968,0.01866
2023-12-12 00:00:00,0.01968,0.0192,0.01969,0.01894
2023-12-12 04:00:00,0.0192,0.01915,0.0192,0.01868
2023-12-12 08:00:00,0.01915,0.02491,0.025,0.01915
2023-12-12 12:00:00,0.0249,0.02806,0.02853,0.02357
2023-12-12 16:00:00,0.02827,0.02402,0.029,0.02317
2023-12-12 20:00:00,0.02402,0.02436,0.02514,0.02351
2023-12-13 00:00:00,0.02436,0.0237,0.02475,0.02253
2023-12-13 04:00:00,0.0237,0.02387,0.02551,0.0235
2023-12-13 08:00:00,0.02387,0.02365,0.02402,0.02289
2023-12-13 12:00:00,0.02351,0.02498,0.02498,0.0228
2023-12-13 16:00:00,0.02499,0.02978,0.0335,0.02498
2023-12-13 20:00:00,0.02975,0.03046,0.03084,0.02927
2023-12-14 00:00:00,0.03046,0.03398,0.03469,0.03046
2023-12-14 04:00:00,0.03397,0.04427,0.045,0.03391
2023-12-14 08:00:00,0.04427,0.04088,0.056,0.0334
2023-12-14 12:00:00,0.04088,0.04108,0.049,0.039
2023-12-14 16:00:00,0.0409,0.03127,0.04315,0.02282
2023-12-14 20:00:00,0.03126,0.03496,0.03555,0.02875
2023-12-15 00:00:00,0.03464,0.03296,0.03498,0.03168
2023-12-15 04:00:00,0.03295,0.03116,0.03401,0.03
2023-12-15 08:00:00,0.03105,0.0336,0.03489,0.03096
2023-12-15 12:00:00,0.03363,0.03322,0.038,0.03255
2023-12-15 16:00:00,0.03323,0.03055,0.03425,0.0301
2023-12-15 20:00:00,0.03055,0.03109,0.03125,0.03011
2023-12-16 00:00:00,0.03113,0.03137,0.03305,0.03061
2023-12-16 04:00:00,0.0313,0.03289,0.03307,0.03114
2023-12-16 08:00:00,0.03288,0.03234,0.0329,0.03122
2023-12-16 12:00:00,0.03246,0.03185,0.03455,0.0318
2023-12-16 16:00:00,0.03185,0.03098,0.0326,0.03064
2023-12-16 20:00:00,0.03098,0.03092,0.031,0.03005
2023-12-17 00:00:00,0.0309,0.03125,0.03166,0.03027
2023-12-17 04:00:00,0.03127,0.02922,0.032,0.02918
2023-12-17 08:00:00,0.02918,0.02798,0.02918,0.0275
2023-12-17 12:00:00,0.028,0.027,0.02836,0.02674
2023-12-17 16:00:00,0.02697,0.02665,0.02748,0.02624
2023-12-17 20:00:00,0.02683,0.027,0.0294,0.02651
2023-12-18 00:00:00,0.02705,0.02768,0.02811,0.02662
2023-12-18 04:00:00,0.02768,0.02786,0.03004,0.02728
2023-12-18 08:00:00,0.02786,0.02618,0.02803,0.02608
2023-12-18 12:00:00,0.02619,0.02885,0.0309,0.02617
2023-12-18 16:00:00,0.02886,0.02924,0.03455,0.02844
2023-12-18 20:00:00,0.02917,0.02806,0.02953,0.02701
2023-12-19 00:00:00,0.02813,0.03143,0.03148,0.02813
2023-12-19 04:00:00,0.03117,0.02949,0.03146,0.029
2023-12-19 08:00:00,0.02904,0.02818,0.02916,0.0275
2023-12-19 16:00:00,0.02807,0.02777,0.02864,0.0262
2023-12-19 20:00:00,0.02758,0.0269,0.02782,0.02651
2023-12-20 00:00:00,0.02674,0.02749,0.02757,0.02674
2023-12-20 04:00:00,0.02757,0.02807,0.02949,0.02702
2023-12-20 08:00:00,0.02794,0.02765,0.02808,0.0275
2023-12-20 12:00:00,0.02765,0.02794,0.02808,0.02756
2023-12-20 16:00:00,0.02784,0.02784,0.02868,0.0275
2023-12-20 20:00:00,0.02775,0.02761,0.02843,0.02731
2023-12-21 00:00:00,0.02755,0.02699,0.02755,0.02576
2023-12-21 04:00:00,0.02699,0.0276,0.02761,0.026
2023-12-21 08:00:00,0.02748,0.02927,0.02953,0.02748
2023-12-21 12:00:00,0.02927,0.02698,0.02928,0.0256
2023-12-21 16:00:00,0.02707,0.02732,0.02819,0.02692
2023-12-21 20:00:00,0.02732,0.02598,0.02755,0.02565
2023-12-22 00:00:00,0.02598,0.02594,0.02658,0.0257
2023-12-22 04:00:00,0.02617,0.02581,0.0262,0.0257
2023-12-22 08:00:00,0.0258,0.02652,0.02795,0.0257
2023-12-22 12:00:00,0.02656,0.0266,0.02711,0.02604
2023-12-22 16:00:00,0.02654,0.02629,0.02693,0.02577
2023-12-22 20:00:00,0.0263,0.02663,0.02689,0.02628
2023-12-23 00:00:00,0.02639,0.026,0.02652,0.026
2023-12-23 04:00:00,0.02621,0.02648,0.02669,0.026
2023-12-23 08:00:00,0.02649,0.02658,0.02679,0.0264
2023-12-23 12:00:00,0.0266,0.02666,0.02692,0.02589
2023-12-23 16:00:00,0.02653,0.0257,0.02677,0.0257
2023-12-23 20:00:00,0.02588,0.02644,0.02677,0.0258
2023-12-24 00:00:00,0.02658,0.02927,0.02927,0.02655
2023-12-24 04:00:00,0.02924,0.02851,0.02927,0.02711
2023-12-24 08:00:00,0.02855,0.02724,0.02912,0.0268
2023-12-24 12:00:00,0.02722,0.0276,0.02783,0.02631
2023-12-24 16:00:00,0.02754,0.0273,0.02835,0.02712
2023-12-24 20:00:00,0.02756,0.02728,0.02909,0.02671
2023-12-25 00:00:00,0.02726,0.02778,0.028,0.02726
2023-12-25 04:00:00,0.02777,0.02855,0.0292,0.02777
2023-12-25 08:00:00,0.02852,0.031,0.03499,0.0285
2023-12-25 12:00:00,0.031,0.03232,0.039,0.02768
2023-12-25 16:00:00,0.0323,0.03359,0.03398,0.03011
2023-12-25 20:00:00,0.03361,0.02955,0.03361,0.02703
2023-12-26 00:00:00,0.02955,0.0313,0.03171,0.02941
2023-12-26 04:00:00,0.0313,0.03255,0.03398,0.03108
2023-12-26 08:00:00,0.03254,0.03125,0.03318,0.03062
2023-12-26 12:00:00,0.03126,0.03153,0.03253,0.03121
2023-12-26 16:00:00,0.03153,0.02778,0.03153,0.02721
2023-12-26 20:00:00,0.02776,0.02764,0.02839,0.02521
2023-12-27 00:00:00,0.02747,0.02693,0.0282,0.0265
2023-12-27 04:00:00,0.02693,0.02863,0.029,0.02693
2023-12-27 08:00:00,0.02857,0.03167,0.03286,0.02857
2023-12-27 12:00:00,0.03169,0.02926,0.03315,0.028
2023-12-27 16:00:00,0.02925,0.02978,0.02989,0.02887
2023-12-27 20:00:00,0.02977,0.02995,0.03064,0.0294
2023-12-28 00:00:00,0.03,0.02953,0.03048,0.02953
2023-12-28 04:00:00,0.02957,0.02924,0.03008,0.02868
2023-12-28 08:00:00,0.02924,0.03075,0.03088,0.02877
2023-12-28 12:00:00,0.03077,0.02937,0.03102,0.0293
2023-12-28 16:00:00,0.0296,0.03047,0.031,0.02941
2023-12-28 20:00:00,0.03051,0.03076,0.03189,0.03039
2023-12-29 00:00:00,0.03076,0.03171,0.03176,0.03076
2023-12-29 04:00:00,0.03174,0.03183,0.033,0.03107
2023-12-29 08:00:00,0.03181,0.0296,0.033,0.02937
2023-12-29 12:00:00,0.02969,0.02814,0.0299,0.0281
2023-12-29 16:00:00,0.02814,0.02815,0.0287,0.02776
2023-12-29 20:00:00,0.02832,0.02695,0.02988,0.02693
2023-12-30 00:00:00,0.02696,0.02871,0.029,0.0265
2023-12-30 04:00:00,0.02887,0.02682,0.02925,0.026
2023-12-30 08:00:00,0.027,0.02656,0.02791,0.02609
2023-12-30 12:00:00,0.02664,0.02673,0.02673,0.0261
2023-12-30 16:00:00,0.02673,0.0271,0.0271,0.02648
2023-12-30 20:00:00,0.0269,0.0273,0.02759,0.0269
2023-12-31 00:00:00,0.02749,0.029,0.029,0.02736
2023-12-31 04:00:00,0.029,0.0295,0.02999,0.0284
2023-12-31 08:00:00,0.02925,0.02971,0.03,0.02878
2023-12-31 12:00:00,0.02972,0.0298,0.03064,0.02971
2023-12-31 16:00:00,0.03007,0.03034,0.0311,0.0299
2023-12-31 20:00:00,0.03032,0.02957,0.03032,0.02902
2024-01-01 00:00:00,0.02957,0.03053,0.03087,0.02942
2024-01-01 04:00:00,0.03056,0.03168,0.03199,0.03053
2024-01-01 08:00:00,0.03171,0.03431,0.0372,0.0317
2024-01-01 12:00:00,0.03409,0.0316,0.03489,0.03122
2024-01-01 16:00:00,0.03189,0.03027,0.03199,0.03001
2024-01-01 20:00:00,0.03035,0.0308,0.03144,0.03033
2024-01-02 00:00:00,0.03113,0.03376,0.0345,0.03113
2024-01-02 04:00:00,0.03387,0.03361,0.035,0.03273
2024-01-02 08:00:00,0.03361,0.03352,0.03408,0.03308
2024-01-02 12:00:00,0.03354,0.03387,0.03496,0.0335
2024-01-02 16:00:00,0.03387,0.03499,0.038,0.03386
2024-01-02 20:00:00,0.03499,0.03439,0.03499,0.03387
2024-01-03 00:00:00,0.0347,0.03465,0.036,0.03465
2024-01-03 04:00:00,0.03498,0.03448,0.03509,0.03426
2024-01-03 08:00:00,0.03456,0.0341,0.03457,0.0341
2024-01-03 12:00:00,0.03415,0.02994,0.03447,0.02877
2024-01-03 16:00:00,0.02997,0.02928,0.03039,0.02795
2024-01-03 20:00:00,0.02928,0.03013,0.0305,0.0291
2024-01-04 00:00:00,0.03034,0.03005,0.03051,0.0298
2024-01-04 04:00:00,0.02996,0.03052,0.03092,0.02996
2024-01-04 08:00:00,0.03052,0.02996,0.03199,0.02996
2024-01-04 12:00:00,0.02996,0.03094,0.03172,0.02995
2024-01-04 16:00:00,0.03094,0.03051,0.03148,0.03034
2024-01-04 20:00:00,0.03051,0.03051,0.031,0.03043
2024-01-05 00:00:00,0.03077,0.03035,0.03084,0.03035
2024-01-05 04:00:00,0.03053,0.02878,0.03053,0.028
2024-01-05 08:00:00,0.02878,0.02785,0.02922,0.0273
2024-01-05 12:00:00,0.02785,0.02787,0.0281,0.0273
2024-01-05 16:00:00,0.02771,0.02788,0.02803,0.02761
2024-01-05 20:00:00,0.02787,0.02808,0.02881,0.02787
2024-01-06 00:00:00,0.02808,0.02822,0.0284,0.02795
2024-01-06 04:00:00,0.0281,0.02778,0.02815,0.0276
2024-01-06 08:00:00,0.02763,0.02636,0.02775,0.026
2024-01-06 12:00:00,0.02636,0.0257,0.02659,0.02398
2024-01-06 16:00:00,0.02572,0.0244,0.02588,0.02416
2024-01-06 20:00:00,0.0244,0.02435,0.02523,0.0243
2024-01-07 00:00:00,0.02435,0.02486,0.02519,0.02418
2024-01-07 04:00:00,0.02498,0.02489,0.02536,0.024
2024-01-07 08:00:00,0.02489,0.02455,0.0253,0.02431
2024-01-07 12:00:00,0.02455,0.02472,0.02534,0.02454
2024-01-07 16:00:00,0.02494,0.02412,0.02494,0.02401
2024-01-07 20:00:00,0.02412,0.02356,0.02427,0.02354
2024-01-08 00:00:00,0.02357,0.02127,0.02357,0.02052
2024-01-08 04:00:00,0.0213,0.02194,0.02223,0.02128
2024-01-08 08:00:00,0.02214,0.0226,0.02319,0.02145
2024-01-08 12:00:00,0.02262,0.02265,0.02336,0.02227
2024-01-08 20:00:00,0.02384,0.02415,0.02528,0.02371
2024-01-09 00:00:00,0.02421,0.02411,0.02449,0.02411
2024-01-09 04:00:00,0.02429,0.02374,0.02441,0.02324
2024-01-09 08:00:00,0.02374,0.02403,0.02407,0.02368
